knowledgeID,studentID,topicID,categoryID,mastery,difficultyOffset
"X'0175F612CE16481C9EC03766415B2B49'","X'B8F77824BF6A429DA4AD1A580BB30D49'","X'AC2FB39A11DC4A7CB7831C5921A20E46'","X'C3122318A52B4221B00942A1AECBC657'",0.65,0.00
"X'046E91B191334B73A2C7D7581130543D'","X'19615372C715430B9B3CD260353DE91F'","X'AC2FB39A11DC4A7CB7831C5921A20E46'","X'417786202CD94EB89655C67365551278'",0.42,0.02
"X'04DB8EBFD72849A6B000C26D74CBB50D'","X'03F7799D5D5A4179B5434270C4C78CCD'","X'7F4746DF0A7041C1B72BC3FDF3B69F9A'","X'8EE7AE7D88B1405DA29123F10E8CDCAB'",0.50,0.00
"X'05DA4C22FED14C9BA198A0BE4360C222'","X'5E66027D20DF4B638F65B5B8F6D05C60'","X'7F4746DF0A7041C1B72BC3FDF3B69F9A'","X'8EE7AE7D88B1405DA29123F10E8CDCAB'",0.61,-0.19
"X'0720A97898E9430092986C3523DC4348'","X'328332C46ECD4500B725AF6162DFFBCE'","X'AC2FB39A11DC4A7CB7831C5921A20E46'","X'C3122318A52B4221B00942A1AECBC657'",0.50,0.00
"X'07F4CC6C6AD040A28E06E3DCA268E434'","X'636C4FCD8F234C4689AB159D74558F06'","X'AC2FB39A11DC4A7CB7831C5921A20E46'","X'417786202CD94EB89655C67365551278'",0.50,0.00
"X'08270B603D8A4ADCA36603418121F80A'","X'69911C8964764B1CBCB046D46A293C91'","X'1B9D1CC8B6A54CD7AEB11C961B9300BB'","X'1A1BBFFC6FEF44E1BBB98DC0726C2018'",1.70,0.00
"X'08AF612C06344156875F31EBA692D1AC'","X'B8F77824BF6A429DA4AD1A580BB30D49'","X'7F4746DF0A7041C1B72BC3FDF3B69F9A'","X'8EE7AE7D88B1405DA29123F10E8CDCAB'",0.60,-0.30
"X'09B80039D08443FCA541501669059C9C'","X'97CFF03E8FCC4B5A9DC6B6758312675F'","X'E990EEBA5D434251A2CED1C43C294048'","X'8C2B51FD6B3A4D7A8FC2B0A071055062'",0.50,0.00
"X'0ADD48347CE548628CEC5093DC8729A6'","X'328332C46ECD4500B725AF6162DFFBCE'","X'1B9D1CC8B6A54CD7AEB11C961B9300BB'","X'9CD2D9F7B6B746B6948B66EBB6B71486'",0.47,0.00
"X'0B2B034E9CC448E882F8DA8168D6FC37'","X'636C4FCD8F234C4689AB159D74558F06'","X'1B9D1CC8B6A54CD7AEB11C961B9300BB'","X'C3122318A52B4221B00942A1AECBC657'",1.51,-0.28
"X'0C3C41F9319C4241879A7A43F3745979'","X'B8F77824BF6A429DA4AD1A580BB30D49'","X'1B9D1CC8B6A54CD7AEB11C961B9300BB'","X'1A1BBFFC6FEF44E1BBB98DC0726C2018'",0.46,0.00
"X'0DD5CDBB5AD743BC81FE62AC8EE8C8EC'","X'97CFF03E8FCC4B5A9DC6B6758312675F'","X'E990EEBA5D434251A2CED1C43C294048'","X'C3122318A52B4221B00942A1AECBC657'",0.50,0.00
"X'0F921483FFAF4DE384B79133F3C47F7E'","X'03F7799D5D5A4179B5434270C4C78CCD'","X'E990EEBA5D434251A2CED1C43C294048'","X'417786202CD94EB89655C67365551278'",0.50,0.00
"X'10597EE02A8D4109A4DC4AD127791FAF'","X'EFA10A4B89744AA19AD9F05579B64C1E'","X'E990EEBA5D434251A2CED1C43C294048'","X'9CD2D9F7B6B746B6948B66EBB6B71486'",0.50,0.00
"X'106FE31919254F38819FAEF93BA6A665'","X'636A4AE595384810A33EFCB8D18A7CFF'","X'E990EEBA5D434251A2CED1C43C294048'","X'9CD2D9F7B6B746B6948B66EBB6B71486'",0.66,-0.14
"X'11149DE58F5543AFB6C5BB1AEB57C8F8'","X'5E66027D20DF4B638F65B5B8F6D05C60'","X'AC2FB39A11DC4A7CB7831C5921A20E46'","X'C3122318A52B4221B00942A1AECBC657'",0.50,0.00
"X'13FD01B6C8F344D0BDDEBA5D666E11D3'","X'B8F77824BF6A429DA4AD1A580BB30D49'","X'E990EEBA5D434251A2CED1C43C294048'","X'1A1BBFFC6FEF44E1BBB98DC0726C2018'",0.50,0.00
"X'14214A0F6DF3436A8B8FC4FE1C7A0C6D'","X'18BEBADB56D74A558FCE213CC395E45F'","X'E990EEBA5D434251A2CED1C43C294048'","X'C3122318A52B4221B00942A1AECBC657'",0.50,0.00
"X'1432434B35094B6C9BCF441606E6EBBF'","X'B8F77824BF6A429DA4AD1A580BB30D49'","X'7F4746DF0A7041C1B72BC3FDF3B69F9A'","X'8C2B51FD6B3A4D7A8FC2B0A071055062'",0.56,-0.26
"X'14ABEE179BC8416F849BE78D99EA69B8'","X'18BEBADB56D74A558FCE213CC395E45F'","X'AC2FB39A11DC4A7CB7831C5921A20E46'","X'9CD2D9F7B6B746B6948B66EBB6B71486'",0.50,0.00
"X'15134C8CC626402C863B83174A28165F'","X'69911C8964764B1CBCB046D46A293C91'","X'E990EEBA5D434251A2CED1C43C294048'","X'C3122318A52B4221B00942A1AECBC657'",0.68,-0.03
"X'16A3A51BDB054CCAB438FBA85F537F78'","X'69911C8964764B1CBCB046D46A293C91'","X'1B9D1CC8B6A54CD7AEB11C961B9300BB'","X'9CD2D9F7B6B746B6948B66EBB6B71486'",0.73,0.00
"X'1708B0B3D89C4F56A4325B7915E455CF'","X'E8A364B2292E41BE9C433E3C78B43E36'","X'E990EEBA5D434251A2CED1C43C294048'","X'8EE7AE7D88B1405DA29123F10E8CDCAB'",0.51,0.00
"X'17B3F48FADED489BBEE742EBA146FEF2'","X'97C31825132040B4B59F025839450E77'","X'E990EEBA5D434251A2CED1C43C294048'","X'8C2B51FD6B3A4D7A8FC2B0A071055062'",0.85,-0.41
"X'18AD2F83BEBC4210BB2F7A8CEB8AB288'","X'97CFF03E8FCC4B5A9DC6B6758312675F'","X'E990EEBA5D434251A2CED1C43C294048'","X'8EE7AE7D88B1405DA29123F10E8CDCAB'",0.50,0.00
"X'194050DD253C47E2B7E895274385B83A'","X'E8A364B2292E41BE9C433E3C78B43E36'","X'AC2FB39A11DC4A7CB7831C5921A20E46'","X'8C2B51FD6B3A4D7A8FC2B0A071055062'",0.57,0.00
"X'19A75408C84B48BA9ACB30C087E111D7'","X'03F7799D5D5A4179B5434270C4C78CCD'","X'1B9D1CC8B6A54CD7AEB11C961B9300BB'","X'8EE7AE7D88B1405DA29123F10E8CDCAB'",0.50,0.06
"X'19E5F555C3684BD6B666BE4F9C35EB6F'","X'636A4AE595384810A33EFCB8D18A7CFF'","X'E990EEBA5D434251A2CED1C43C294048'","X'1A1BBFFC6FEF44E1BBB98DC0726C2018'",1.30,-0.34
"X'1ADD63BD50474AC89209135D2729ADE5'","X'18BEBADB56D74A558FCE213CC395E45F'","X'1B9D1CC8B6A54CD7AEB11C961B9300BB'","X'8EE7AE7D88B1405DA29123F10E8CDCAB'",0.50,0.00
"X'1B1A69D959E94001BF1B1A8E7FFFDC2F'","X'5E66027D20DF4B638F65B5B8F6D05C60'","X'7F4746DF0A7041C1B72BC3FDF3B69F9A'","X'9CD2D9F7B6B746B6948B66EBB6B71486'",0.51,-0.10
"X'1B3AAA3F78624685830947365DECB98F'","X'636C4FCD8F234C4689AB159D74558F06'","X'1B9D1CC8B6A54CD7AEB11C961B9300BB'","X'8EE7AE7D88B1405DA29123F10E8CDCAB'",0.39,0.15
"X'1BA27B1ADB8F4B3598B978BD4E28CB05'","X'328332C46ECD4500B725AF6162DFFBCE'","X'1B9D1CC8B6A54CD7AEB11C961B9300BB'","X'8EE7AE7D88B1405DA29123F10E8CDCAB'",0.51,0.00
"X'1BBDE9C12ACD495D9EA595927DC67CFD'","X'328332C46ECD4500B725AF6162DFFBCE'","X'E990EEBA5D434251A2CED1C43C294048'","X'8EE7AE7D88B1405DA29123F10E8CDCAB'",0.50,0.00
"X'1BD67FD728FC44288E4ED4946D32B7E2'","X'03F7799D5D5A4179B5434270C4C78CCD'","X'1B9D1CC8B6A54CD7AEB11C961B9300BB'","X'1A1BBFFC6FEF44E1BBB98DC0726C2018'",0.47,0.06
"X'1BE8D2F75E614ADEA6AC14DBB8F5B960'","X'5AFEF49851B54BDFB1F132E1ED8CAAF3'","X'E990EEBA5D434251A2CED1C43C294048'","X'8C2B51FD6B3A4D7A8FC2B0A071055062'",0.50,0.00
"X'1D816E8D953C4071B8E1757890C5A99E'","X'19615372C715430B9B3CD260353DE91F'","X'AC2FB39A11DC4A7CB7831C5921A20E46'","X'8C2B51FD6B3A4D7A8FC2B0A071055062'",0.52,0.02
"X'1E1E00583AA5488B868CF28EC81DA9CB'","X'5E66027D20DF4B638F65B5B8F6D05C60'","X'AC2FB39A11DC4A7CB7831C5921A20E46'","X'417786202CD94EB89655C67365551278'",0.52,-0.03
"X'1EC26F864F744380B76B871E469D80B9'","X'704B04D1CBAD4AC883C7D5FB514123F9'","X'E990EEBA5D434251A2CED1C43C294048'","X'417786202CD94EB89655C67365551278'",0.46,0.00
"X'1EEB9854CEE14DFEA476EDB4CD9D0666'","X'03F7799D5D5A4179B5434270C4C78CCD'","X'AC2FB39A11DC4A7CB7831C5921A20E46'","X'8EE7AE7D88B1405DA29123F10E8CDCAB'",0.50,0.00
"X'1F1CDB2884674CFE84ADAAE5C1A2F9BF'","X'03F7799D5D5A4179B5434270C4C78CCD'","X'7F4746DF0A7041C1B72BC3FDF3B69F9A'","X'1A1BBFFC6FEF44E1BBB98DC0726C2018'",0.50,0.00
"X'2047EBA15F4E4C93AEC2B7F05CFDC5EB'","X'328332C46ECD4500B725AF6162DFFBCE'","X'1B9D1CC8B6A54CD7AEB11C961B9300BB'","X'1A1BBFFC6FEF44E1BBB98DC0726C2018'",0.70,0.00
"X'2079AB1C3E044EB4991878921DEA7F4E'","X'E8A364B2292E41BE9C433E3C78B43E36'","X'1B9D1CC8B6A54CD7AEB11C961B9300BB'","X'417786202CD94EB89655C67365551278'",0.55,0.00
"X'20BB4E5365C84FA481D09E0117F68223'","X'636C4FCD8F234C4689AB159D74558F06'","X'AC2FB39A11DC4A7CB7831C5921A20E46'","X'1A1BBFFC6FEF44E1BBB98DC0726C2018'",0.50,0.00
"X'21242045A3E540BF98617F9B4E7F1FA8'","X'03F7799D5D5A4179B5434270C4C78CCD'","X'1B9D1CC8B6A54CD7AEB11C961B9300BB'","X'8C2B51FD6B3A4D7A8FC2B0A071055062'",0.37,0.07
"X'22A2B679738A4A298CED1F159CE210D3'","X'97CFF03E8FCC4B5A9DC6B6758312675F'","X'E990EEBA5D434251A2CED1C43C294048'","X'9CD2D9F7B6B746B6948B66EBB6B71486'",0.50,0.00
"X'22E333B55F6643B29E8D82DDCF5CBFA7'","X'5E66027D20DF4B638F65B5B8F6D05C60'","X'AC2FB39A11DC4A7CB7831C5921A20E46'","X'9CD2D9F7B6B746B6948B66EBB6B71486'",0.52,-0.03
"X'242726BEE7C048DCB7A9D58440B7D89A'","X'03F7799D5D5A4179B5434270C4C78CCD'","X'7F4746DF0A7041C1B72BC3FDF3B69F9A'","X'9CD2D9F7B6B746B6948B66EBB6B71486'",0.50,0.00
"X'2436442113ED403C8073ABFBA1FD9D27'","X'18BEBADB56D74A558FCE213CC395E45F'","X'1B9D1CC8B6A54CD7AEB11C961B9300BB'","X'1A1BBFFC6FEF44E1BBB98DC0726C2018'",0.50,0.00
"X'2483A0B8CD77401683A19EE09279B819'","X'19615372C715430B9B3CD260353DE91F'","X'E990EEBA5D434251A2CED1C43C294048'","X'9CD2D9F7B6B746B6948B66EBB6B71486'",0.70,-0.26
"X'24BD4F67254E4D7BAABCBE0A988C2CF7'","X'328332C46ECD4500B725AF6162DFFBCE'","X'1B9D1CC8B6A54CD7AEB11C961B9300BB'","X'8C2B51FD6B3A4D7A8FC2B0A071055062'",0.57,0.00
"X'26D1EEB14AF94454A2B7F68BC594ABEC'","X'5E66027D20DF4B638F65B5B8F6D05C60'","X'E990EEBA5D434251A2CED1C43C294048'","X'9CD2D9F7B6B746B6948B66EBB6B71486'",0.71,-0.22
"X'27BFD1598DEC4DCA88F6FE88544323F6'","X'328332C46ECD4500B725AF6162DFFBCE'","X'AC2FB39A11DC4A7CB7831C5921A20E46'","X'1A1BBFFC6FEF44E1BBB98DC0726C2018'",0.50,0.00
"X'28479A4CEC874D44829660A6D3AEF3F4'","X'19615372C715430B9B3CD260353DE91F'","X'AC2FB39A11DC4A7CB7831C5921A20E46'","X'9CD2D9F7B6B746B6948B66EBB6B71486'",0.62,-0.06
"X'29A035274BC94F9098A973446C091DEF'","X'5E66027D20DF4B638F65B5B8F6D05C60'","X'7F4746DF0A7041C1B72BC3FDF3B69F9A'","X'417786202CD94EB89655C67365551278'",0.55,-0.26
"X'29C3F86E158E4A77821D7EF55B8652B4'","X'EFA10A4B89744AA19AD9F05579B64C1E'","X'E990EEBA5D434251A2CED1C43C294048'","X'C3122318A52B4221B00942A1AECBC657'",0.50,0.00
"X'2A202FECF16743FA9359D84E6183EFE3'","X'636A4AE595384810A33EFCB8D18A7CFF'","X'AC2FB39A11DC4A7CB7831C5921A20E46'","X'8C2B51FD6B3A4D7A8FC2B0A071055062'",0.71,0.00
"X'2BA55662E901439BA83307F2CA4BBF77'","X'636C4FCD8F234C4689AB159D74558F06'","X'E990EEBA5D434251A2CED1C43C294048'","X'8EE7AE7D88B1405DA29123F10E8CDCAB'",0.54,0.04
"X'2BD419C223C34545A7405A5760D9893B'","X'5E66027D20DF4B638F65B5B8F6D05C60'","X'7F4746DF0A7041C1B72BC3FDF3B69F9A'","X'8C2B51FD6B3A4D7A8FC2B0A071055062'",0.56,-0.16
"X'2BFE6F44E87145529411D1817AE0235F'","X'5E66027D20DF4B638F65B5B8F6D05C60'","X'AC2FB39A11DC4A7CB7831C5921A20E46'","X'1A1BBFFC6FEF44E1BBB98DC0726C2018'",0.50,0.00
"X'2E1831E7BCE5438ABC451090791A06D7'","X'328332C46ECD4500B725AF6162DFFBCE'","X'AC2FB39A11DC4A7CB7831C5921A20E46'","X'9CD2D9F7B6B746B6948B66EBB6B71486'",0.50,0.00
"X'33B7DF41DC7C46CCA2DBD4BCB63C6DB0'","X'18BEBADB56D74A558FCE213CC395E45F'","X'1B9D1CC8B6A54CD7AEB11C961B9300BB'","X'C3122318A52B4221B00942A1AECBC657'",0.50,0.00
"X'345884506273413DBAECB379F78CB19D'","X'704B04D1CBAD4AC883C7D5FB514123F9'","X'E990EEBA5D434251A2CED1C43C294048'","X'9CD2D9F7B6B746B6948B66EBB6B71486'",0.51,0.00
"X'354FCFD9BCB541B49DE191D503E2C925'","X'03F7799D5D5A4179B5434270C4C78CCD'","X'1B9D1CC8B6A54CD7AEB11C961B9300BB'","X'C3122318A52B4221B00942A1AECBC657'",0.32,0.21
"X'36184249BB6A4C1D898BA8EC9649829E'","X'18BEBADB56D74A558FCE213CC395E45F'","X'7F4746DF0A7041C1B72BC3FDF3B69F9A'","X'417786202CD94EB89655C67365551278'",0.50,0.00
"X'374139B863FA4DC59728DCA3C065ADC2'","X'03F7799D5D5A4179B5434270C4C78CCD'","X'E990EEBA5D434251A2CED1C43C294048'","X'1A1BBFFC6FEF44E1BBB98DC0726C2018'",0.50,0.00
"X'3818ED22185E45DBAD2029205230F7B9'","X'5E66027D20DF4B638F65B5B8F6D05C60'","X'E990EEBA5D434251A2CED1C43C294048'","X'8EE7AE7D88B1405DA29123F10E8CDCAB'",0.51,0.00
"X'3B2DD7D7DF234425877ACD73D9777593'","X'B8F77824BF6A429DA4AD1A580BB30D49'","X'AC2FB39A11DC4A7CB7831C5921A20E46'","X'9CD2D9F7B6B746B6948B66EBB6B71486'",0.65,0.00
"X'3D4D1D74945042A0B3E35027A94DA2F4'","X'69911C8964764B1CBCB046D46A293C91'","X'7F4746DF0A7041C1B72BC3FDF3B69F9A'","X'8EE7AE7D88B1405DA29123F10E8CDCAB'",0.81,-0.40
"X'3DB09C0B769749D49ACAE2B3E4FE3CAD'","X'03F7799D5D5A4179B5434270C4C78CCD'","X'AC2FB39A11DC4A7CB7831C5921A20E46'","X'1A1BBFFC6FEF44E1BBB98DC0726C2018'",0.50,0.00
"X'3DC60FA1BEAA473D839989C8A5CA6B53'","X'328332C46ECD4500B725AF6162DFFBCE'","X'E990EEBA5D434251A2CED1C43C294048'","X'9CD2D9F7B6B746B6948B66EBB6B71486'",0.50,0.00
"X'3EFC729FD4744B0A9372E3916BD0C330'","X'69911C8964764B1CBCB046D46A293C91'","X'1B9D1CC8B6A54CD7AEB11C961B9300BB'","X'C3122318A52B4221B00942A1AECBC657'",0.86,0.00
"X'3F1D8BCCB6434AC6B3F97D932C591241'","X'97C31825132040B4B59F025839450E77'","X'E990EEBA5D434251A2CED1C43C294048'","X'417786202CD94EB89655C67365551278'",0.95,-0.42
"X'40AFD66CBBDF4510A32D38CB8C07BB04'","X'636C4FCD8F234C4689AB159D74558F06'","X'1B9D1CC8B6A54CD7AEB11C961B9300BB'","X'9CD2D9F7B6B746B6948B66EBB6B71486'",0.87,-0.13
"X'40B132A45D084E24BD4A4CDBAD3BB224'","X'19615372C715430B9B3CD260353DE91F'","X'E990EEBA5D434251A2CED1C43C294048'","X'C3122318A52B4221B00942A1AECBC657'",0.47,-0.10
"X'41E4F5D7793D4CDD8FD60064885B0A4F'","X'18BEBADB56D74A558FCE213CC395E45F'","X'E990EEBA5D434251A2CED1C43C294048'","X'8EE7AE7D88B1405DA29123F10E8CDCAB'",0.50,0.00
"X'424CBB61A7DF4EC0A70CC2D238BB1E3D'","X'B8F77824BF6A429DA4AD1A580BB30D49'","X'1B9D1CC8B6A54CD7AEB11C961B9300BB'","X'8C2B51FD6B3A4D7A8FC2B0A071055062'",0.86,0.00
"X'434F8EB109F64E588BC54539F0A0DD36'","X'69911C8964764B1CBCB046D46A293C91'","X'7F4746DF0A7041C1B72BC3FDF3B69F9A'","X'8C2B51FD6B3A4D7A8FC2B0A071055062'",0.94,-0.32
"X'43DE1D2EA5B6472D9E3C0DADFDCCCEEB'","X'B8F77824BF6A429DA4AD1A580BB30D49'","X'E990EEBA5D434251A2CED1C43C294048'","X'8EE7AE7D88B1405DA29123F10E8CDCAB'",0.56,0.00
"X'4508D614E24147CB98F4F5338647A1B0'","X'69911C8964764B1CBCB046D46A293C91'","X'E990EEBA5D434251A2CED1C43C294048'","X'1A1BBFFC6FEF44E1BBB98DC0726C2018'",0.80,-0.22
"X'45E76C3273F04260BA11631473A97E2D'","X'5E66027D20DF4B638F65B5B8F6D05C60'","X'1B9D1CC8B6A54CD7AEB11C961B9300BB'","X'8EE7AE7D88B1405DA29123F10E8CDCAB'",0.50,0.00
"X'461BAC45622A482D8D97CF3E9BAC2D82'","X'5E66027D20DF4B638F65B5B8F6D05C60'","X'1B9D1CC8B6A54CD7AEB11C961B9300BB'","X'8C2B51FD6B3A4D7A8FC2B0A071055062'",0.53,-0.03
"X'46BF91245E454BBE99F9ECF9A47C074E'","X'E8A364B2292E41BE9C433E3C78B43E36'","X'1B9D1CC8B6A54CD7AEB11C961B9300BB'","X'1A1BBFFC6FEF44E1BBB98DC0726C2018'",0.50,0.00
"X'4865A7B7C87C4730906A656A77EE6CE9'","X'328332C46ECD4500B725AF6162DFFBCE'","X'1B9D1CC8B6A54CD7AEB11C961B9300BB'","X'417786202CD94EB89655C67365551278'",0.50,0.00
"X'48836D217BF24C6595D6C7D58412FB59'","X'2EB98206C75A4A4E843D4417A3A713BE'","X'E990EEBA5D434251A2CED1C43C294048'","X'C3122318A52B4221B00942A1AECBC657'",0.71,-0.21
"X'49298D5AEE99445DAF65A66E61938F8E'","X'5E66027D20DF4B638F65B5B8F6D05C60'","X'7F4746DF0A7041C1B72BC3FDF3B69F9A'","X'1A1BBFFC6FEF44E1BBB98DC0726C2018'",0.71,-0.12
"X'498164A458A54D958C20B0B007922B06'","X'19615372C715430B9B3CD260353DE91F'","X'1B9D1CC8B6A54CD7AEB11C961B9300BB'","X'417786202CD94EB89655C67365551278'",0.50,0.00
"X'4A9E82076D3F407DB21AB468A49CC0E7'","X'69911C8964764B1CBCB046D46A293C91'","X'1B9D1CC8B6A54CD7AEB11C961B9300BB'","X'417786202CD94EB89655C67365551278'",0.50,0.00
"X'4F60EDD5E4FA4E8385ADB967260AC322'","X'704B04D1CBAD4AC883C7D5FB514123F9'","X'E990EEBA5D434251A2CED1C43C294048'","X'C3122318A52B4221B00942A1AECBC657'",0.46,0.00
"X'4F62B089CAC84D5B8DA8E8538BF4141B'","X'B8F77824BF6A429DA4AD1A580BB30D49'","X'E990EEBA5D434251A2CED1C43C294048'","X'8C2B51FD6B3A4D7A8FC2B0A071055062'",0.60,0.00
"X'50669BF034044055B6F1800E8AFF7F17'","X'636C4FCD8F234C4689AB159D74558F06'","X'1B9D1CC8B6A54CD7AEB11C961B9300BB'","X'417786202CD94EB89655C67365551278'",0.65,-0.22
"X'5085E72BE20243378BAA61CFEAEDAA49'","X'69911C8964764B1CBCB046D46A293C91'","X'AC2FB39A11DC4A7CB7831C5921A20E46'","X'8C2B51FD6B3A4D7A8FC2B0A071055062'",0.97,0.00
"X'519ACEE1F47B409D8BECC59B3A3032C8'","X'328332C46ECD4500B725AF6162DFFBCE'","X'E990EEBA5D434251A2CED1C43C294048'","X'C3122318A52B4221B00942A1AECBC657'",0.50,0.00
"X'53319F30BF0D4068BB8180C90476A6B0'","X'19615372C715430B9B3CD260353DE91F'","X'1B9D1CC8B6A54CD7AEB11C961B9300BB'","X'8EE7AE7D88B1405DA29123F10E8CDCAB'",0.55,-0.26
"X'5357BD6A6FD84808B0A3FF98049CC87B'","X'69911C8964764B1CBCB046D46A293C91'","X'AC2FB39A11DC4A7CB7831C5921A20E46'","X'8EE7AE7D88B1405DA29123F10E8CDCAB'",1.06,0.00
"X'5561FA28A864459DA8D2C3F0FD2CCA6D'","X'03F7799D5D5A4179B5434270C4C78CCD'","X'AC2FB39A11DC4A7CB7831C5921A20E46'","X'9CD2D9F7B6B746B6948B66EBB6B71486'",0.50,0.00
"X'55C817AE97F94B2D9900558EAFB217F7'","X'97C31825132040B4B59F025839450E77'","X'E990EEBA5D434251A2CED1C43C294048'","X'9CD2D9F7B6B746B6948B66EBB6B71486'",1.11,-0.34
"X'55E76AB19FA5433DAD9CE2BC87A5F0DB'","X'69911C8964764B1CBCB046D46A293C91'","X'AC2FB39A11DC4A7CB7831C5921A20E46'","X'417786202CD94EB89655C67365551278'",0.76,0.00
"X'577EF1A8D8444FECB19290DC0FC7F19F'","X'5E66027D20DF4B638F65B5B8F6D05C60'","X'7F4746DF0A7041C1B72BC3FDF3B69F9A'","X'C3122318A52B4221B00942A1AECBC657'",0.70,-0.26
"X'58548F42916E4F56BF4D5E346E3AFE57'","X'19615372C715430B9B3CD260353DE91F'","X'1B9D1CC8B6A54CD7AEB11C961B9300BB'","X'9CD2D9F7B6B746B6948B66EBB6B71486'",0.87,-0.18
"X'5862127E5CE74EDA8186973746A7B066'","X'B8F77824BF6A429DA4AD1A580BB30D49'","X'1B9D1CC8B6A54CD7AEB11C961B9300BB'","X'9CD2D9F7B6B746B6948B66EBB6B71486'",1.07,0.00
"X'592C7D9F3EBA49DE8919BB4456838CC1'","X'B8F77824BF6A429DA4AD1A580BB30D49'","X'7F4746DF0A7041C1B72BC3FDF3B69F9A'","X'C3122318A52B4221B00942A1AECBC657'",0.72,-0.13
"X'5AA9A23D70FD4984B0E5AA5E0A6EDE66'","X'2EB98206C75A4A4E843D4417A3A713BE'","X'E990EEBA5D434251A2CED1C43C294048'","X'417786202CD94EB89655C67365551278'",0.67,-0.10
"X'5B40C70FEB154C4B8ED9707583A7BC62'","X'E8A364B2292E41BE9C433E3C78B43E36'","X'AC2FB39A11DC4A7CB7831C5921A20E46'","X'417786202CD94EB89655C67365551278'",0.51,0.00
"X'5C2F71ADC6194B838406097D0122E9C6'","X'19615372C715430B9B3CD260353DE91F'","X'1B9D1CC8B6A54CD7AEB11C961B9300BB'","X'C3122318A52B4221B00942A1AECBC657'",0.60,-0.26
"X'5CA1641CEEC14654A77D99DB6C6D91B6'","X'18BEBADB56D74A558FCE213CC395E45F'","X'E990EEBA5D434251A2CED1C43C294048'","X'9CD2D9F7B6B746B6948B66EBB6B71486'",0.50,0.00
"X'5E73CBBC014543A1A808DEABA33A4E10'","X'69911C8964764B1CBCB046D46A293C91'","X'7F4746DF0A7041C1B72BC3FDF3B69F9A'","X'417786202CD94EB89655C67365551278'",1.11,-1.33
"X'5F467333A40C41DB9AEA1D4880CC657C'","X'5E66027D20DF4B638F65B5B8F6D05C60'","X'1B9D1CC8B6A54CD7AEB11C961B9300BB'","X'C3122318A52B4221B00942A1AECBC657'",1.70,-0.38
"X'5F76CE633CC2413A82B069A7E3766640'","X'5AFEF49851B54BDFB1F132E1ED8CAAF3'","X'E990EEBA5D434251A2CED1C43C294048'","X'417786202CD94EB89655C67365551278'",0.75,-0.26
"X'63A5952AEA7244CE89C04E5916C8781C'","X'0902BDF3468640E2B3B1A181C1E51792'","X'E990EEBA5D434251A2CED1C43C294048'","X'C3122318A52B4221B00942A1AECBC657'",0.50,0.00
"X'64A0F2A0EC6747C09F89F78BAA8F2F0A'","X'636A4AE595384810A33EFCB8D18A7CFF'","X'E990EEBA5D434251A2CED1C43C294048'","X'417786202CD94EB89655C67365551278'",0.80,-0.34
"X'64F326BC3C454A0D8A5694EA409C45C0'","X'636C4FCD8F234C4689AB159D74558F06'","X'E990EEBA5D434251A2CED1C43C294048'","X'417786202CD94EB89655C67365551278'",0.98,-0.12
"X'65808035D9934621BCAB3C9AF02262D0'","X'E8A364B2292E41BE9C433E3C78B43E36'","X'7F4746DF0A7041C1B72BC3FDF3B69F9A'","X'417786202CD94EB89655C67365551278'",0.60,-0.18
"X'66837AD4874D4ADB8278C6D6B4857496'","X'5E66027D20DF4B638F65B5B8F6D05C60'","X'E990EEBA5D434251A2CED1C43C294048'","X'1A1BBFFC6FEF44E1BBB98DC0726C2018'",0.56,-0.27
"X'669E392A8DBA487282BA1FFE90D0612B'","X'18BEBADB56D74A558FCE213CC395E45F'","X'7F4746DF0A7041C1B72BC3FDF3B69F9A'","X'1A1BBFFC6FEF44E1BBB98DC0726C2018'",0.50,0.00
"X'694BDFF887AE46A58BFBB669A6237F61'","X'03F7799D5D5A4179B5434270C4C78CCD'","X'E990EEBA5D434251A2CED1C43C294048'","X'8C2B51FD6B3A4D7A8FC2B0A071055062'",0.50,0.00
"X'6975D6F95BD64E7D8F7CDF0C1956BED3'","X'636C4FCD8F234C4689AB159D74558F06'","X'E990EEBA5D434251A2CED1C43C294048'","X'9CD2D9F7B6B746B6948B66EBB6B71486'",1.24,-0.28
"X'6A9A7B8825FE429089B4A36FC8276F0B'","X'18BEBADB56D74A558FCE213CC395E45F'","X'AC2FB39A11DC4A7CB7831C5921A20E46'","X'417786202CD94EB89655C67365551278'",0.50,0.00
"X'6B3BF0519B89448781E0B13263CD67FF'","X'EFA10A4B89744AA19AD9F05579B64C1E'","X'E990EEBA5D434251A2CED1C43C294048'","X'417786202CD94EB89655C67365551278'",0.50,0.00
"X'6BA78306A57C48DBBAB494DF95ADCDBA'","X'636C4FCD8F234C4689AB159D74558F06'","X'1B9D1CC8B6A54CD7AEB11C961B9300BB'","X'8C2B51FD6B3A4D7A8FC2B0A071055062'",1.13,-0.53
"X'6C3FD9D094034EB0A05FD6C57ED9AA71'","X'18BEBADB56D74A558FCE213CC395E45F'","X'1B9D1CC8B6A54CD7AEB11C961B9300BB'","X'8C2B51FD6B3A4D7A8FC2B0A071055062'",0.50,0.00
"X'6C65241CD2474C5AB5D88720AE7BDD7E'","X'636C4FCD8F234C4689AB159D74558F06'","X'E990EEBA5D434251A2CED1C43C294048'","X'C3122318A52B4221B00942A1AECBC657'",0.47,0.10
"X'6CB52E41B1EC473B9140376F5300F573'","X'E8A364B2292E41BE9C433E3C78B43E36'","X'7F4746DF0A7041C1B72BC3FDF3B69F9A'","X'8EE7AE7D88B1405DA29123F10E8CDCAB'",0.46,0.13
"X'6FFCA290278A4EFB91BFDF99AFD17579'","X'B8F77824BF6A429DA4AD1A580BB30D49'","X'7F4746DF0A7041C1B72BC3FDF3B69F9A'","X'1A1BBFFC6FEF44E1BBB98DC0726C2018'",0.70,-0.30
"X'72A1BBE11B70499DBB04D9F1696978C0'","X'B8F77824BF6A429DA4AD1A580BB30D49'","X'AC2FB39A11DC4A7CB7831C5921A20E46'","X'8EE7AE7D88B1405DA29123F10E8CDCAB'",0.60,0.00
"X'73C96B8C27CB4A52BCB97DDFC406F49A'","X'69911C8964764B1CBCB046D46A293C91'","X'E990EEBA5D434251A2CED1C43C294048'","X'9CD2D9F7B6B746B6948B66EBB6B71486'",1.52,-0.13
"X'73D5AA7D3BB849EC95202C872CD22F7D'","X'328332C46ECD4500B725AF6162DFFBCE'","X'AC2FB39A11DC4A7CB7831C5921A20E46'","X'8EE7AE7D88B1405DA29123F10E8CDCAB'",0.50,0.00
"X'777F1F9A52AC4CAC9E1B9A1B0225D0ED'","X'B8F77824BF6A429DA4AD1A580BB30D49'","X'7F4746DF0A7041C1B72BC3FDF3B69F9A'","X'417786202CD94EB89655C67365551278'",0.75,-0.30
"X'77CF3ABA59EE439EA794F3857AF9050A'","X'18BEBADB56D74A558FCE213CC395E45F'","X'AC2FB39A11DC4A7CB7831C5921A20E46'","X'8EE7AE7D88B1405DA29123F10E8CDCAB'",0.50,0.00
"X'7843A979794541CCBE99E7294DF632B8'","X'19615372C715430B9B3CD260353DE91F'","X'1B9D1CC8B6A54CD7AEB11C961B9300BB'","X'8C2B51FD6B3A4D7A8FC2B0A071055062'",0.52,-0.04
"X'79179A6BD71747DFB763489CDF8FBB29'","X'E8A364B2292E41BE9C433E3C78B43E36'","X'E990EEBA5D434251A2CED1C43C294048'","X'8C2B51FD6B3A4D7A8FC2B0A071055062'",0.50,0.00
"X'791998C9BE0147909AD4D04D9A47F746'","X'5E66027D20DF4B638F65B5B8F6D05C60'","X'AC2FB39A11DC4A7CB7831C5921A20E46'","X'8C2B51FD6B3A4D7A8FC2B0A071055062'",0.62,-0.08
"X'7A283579E8074CB19A4CF487805F04E2'","X'69911C8964764B1CBCB046D46A293C91'","X'7F4746DF0A7041C1B72BC3FDF3B69F9A'","X'C3122318A52B4221B00942A1AECBC657'",0.63,-0.06
"X'7B6DAD737C19493FACC3D0CD9FEF559B'","X'2EB98206C75A4A4E843D4417A3A713BE'","X'E990EEBA5D434251A2CED1C43C294048'","X'8EE7AE7D88B1405DA29123F10E8CDCAB'",0.55,-0.02
"X'7BFFB400E61C411CA4FE7CE296353356'","X'69911C8964764B1CBCB046D46A293C91'","X'E990EEBA5D434251A2CED1C43C294048'","X'8C2B51FD6B3A4D7A8FC2B0A071055062'",0.55,-0.13
"X'7C05B8937CF9443F8FF1F12488191232'","X'5E66027D20DF4B638F65B5B8F6D05C60'","X'1B9D1CC8B6A54CD7AEB11C961B9300BB'","X'1A1BBFFC6FEF44E1BBB98DC0726C2018'",0.55,-0.31
"X'7E441E8824F042EAAD78ADDCBCB5A78B'","X'03F7799D5D5A4179B5434270C4C78CCD'","X'1B9D1CC8B6A54CD7AEB11C961B9300BB'","X'9CD2D9F7B6B746B6948B66EBB6B71486'",0.46,0.19
"X'7E64C42CC8004EB19FDA91E116E0E3FC'","X'18BEBADB56D74A558FCE213CC395E45F'","X'7F4746DF0A7041C1B72BC3FDF3B69F9A'","X'9CD2D9F7B6B746B6948B66EBB6B71486'",0.50,0.00
"X'7E6DDE2FF3F949FEA17171472D34C9DD'","X'636A4AE595384810A33EFCB8D18A7CFF'","X'AC2FB39A11DC4A7CB7831C5921A20E46'","X'C3122318A52B4221B00942A1AECBC657'",1.03,0.00
"X'7F9A845976E84B56850115D0866E114F'","X'18BEBADB56D74A558FCE213CC395E45F'","X'E990EEBA5D434251A2CED1C43C294048'","X'8C2B51FD6B3A4D7A8FC2B0A071055062'",0.50,0.00
"X'80582573EB3846F6ADFA288A2A4EE4AC'","X'03F7799D5D5A4179B5434270C4C78CCD'","X'AC2FB39A11DC4A7CB7831C5921A20E46'","X'417786202CD94EB89655C67365551278'",0.50,0.00
"X'81D3F52E72C342D18B9577A8BED67F29'","X'636A4AE595384810A33EFCB8D18A7CFF'","X'1B9D1CC8B6A54CD7AEB11C961B9300BB'","X'1A1BBFFC6FEF44E1BBB98DC0726C2018'",1.50,-0.42
"X'81F051738534443FB151A1720204F6C7'","X'636C4FCD8F234C4689AB159D74558F06'","X'AC2FB39A11DC4A7CB7831C5921A20E46'","X'8C2B51FD6B3A4D7A8FC2B0A071055062'",0.78,0.00
"X'8266D7BD931746DE9F558EE73894EC7A'","X'636C4FCD8F234C4689AB159D74558F06'","X'E990EEBA5D434251A2CED1C43C294048'","X'8C2B51FD6B3A4D7A8FC2B0A071055062'",0.43,0.10
"X'826F8B79012A4B5CB20872CFE509A868'","X'636A4AE595384810A33EFCB8D18A7CFF'","X'1B9D1CC8B6A54CD7AEB11C961B9300BB'","X'417786202CD94EB89655C67365551278'",0.65,-0.29
"X'8283B4D68D56423DA0E2DB0BD921CF1B'","X'5E66027D20DF4B638F65B5B8F6D05C60'","X'E990EEBA5D434251A2CED1C43C294048'","X'C3122318A52B4221B00942A1AECBC657'",0.81,-0.22
"X'82E3E37AAA484B55B1CBA7DDC3C46F99'","X'636A4AE595384810A33EFCB8D18A7CFF'","X'AC2FB39A11DC4A7CB7831C5921A20E46'","X'417786202CD94EB89655C67365551278'",0.87,0.00
"X'85321143F9A84FB7BFE5FDB2DE3A8DB1'","X'5AFEF49851B54BDFB1F132E1ED8CAAF3'","X'E990EEBA5D434251A2CED1C43C294048'","X'C3122318A52B4221B00942A1AECBC657'",0.55,-0.20
"X'8620334DE4AF456781B3A6462C5A7015'","X'18BEBADB56D74A558FCE213CC395E45F'","X'1B9D1CC8B6A54CD7AEB11C961B9300BB'","X'417786202CD94EB89655C67365551278'",0.50,0.00
"X'873E646852414BEB8A5A4195435B40D4'","X'18BEBADB56D74A558FCE213CC395E45F'","X'AC2FB39A11DC4A7CB7831C5921A20E46'","X'C3122318A52B4221B00942A1AECBC657'",0.50,0.00
"X'875F9D423D0240E0A18AD27C7D89F6CD'","X'0902BDF3468640E2B3B1A181C1E51792'","X'E990EEBA5D434251A2CED1C43C294048'","X'8C2B51FD6B3A4D7A8FC2B0A071055062'",0.51,0.00
"X'8A1A28336C7C4F65801725DFC9D27926'","X'19615372C715430B9B3CD260353DE91F'","X'E990EEBA5D434251A2CED1C43C294048'","X'417786202CD94EB89655C67365551278'",0.71,-0.26
"X'8B332E2F75DD4EB687DDC619DFB71C29'","X'636C4FCD8F234C4689AB159D74558F06'","X'1B9D1CC8B6A54CD7AEB11C961B9300BB'","X'1A1BBFFC6FEF44E1BBB98DC0726C2018'",1.61,-0.38
"X'8D07A867110B491987473896A24D4D90'","X'19615372C715430B9B3CD260353DE91F'","X'AC2FB39A11DC4A7CB7831C5921A20E46'","X'C3122318A52B4221B00942A1AECBC657'",0.80,-0.22
"X'8E717FE8162F4A42B51955472AC0910D'","X'97CFF03E8FCC4B5A9DC6B6758312675F'","X'E990EEBA5D434251A2CED1C43C294048'","X'417786202CD94EB89655C67365551278'",0.50,0.00
"X'901EB368BE134CAD91D80D39D1D4E76E'","X'E8A364B2292E41BE9C433E3C78B43E36'","X'7F4746DF0A7041C1B72BC3FDF3B69F9A'","X'8C2B51FD6B3A4D7A8FC2B0A071055062'",0.53,-0.02
"X'9090F4249BCE4F97B9B0515CDB9E7B50'","X'69911C8964764B1CBCB046D46A293C91'","X'AC2FB39A11DC4A7CB7831C5921A20E46'","X'1A1BBFFC6FEF44E1BBB98DC0726C2018'",0.50,0.00
"X'90BA963DC2374240BC88671FC00A0FFC'","X'636A4AE595384810A33EFCB8D18A7CFF'","X'AC2FB39A11DC4A7CB7831C5921A20E46'","X'8EE7AE7D88B1405DA29123F10E8CDCAB'",1.05,0.00
"X'912A4A23B272436CA3181A7E7D4759F5'","X'78D85F444FB64F24A31945F2675109D2'","X'E990EEBA5D434251A2CED1C43C294048'","X'9CD2D9F7B6B746B6948B66EBB6B71486'",0.73,-0.22
"X'950166ECCCCE4EEC995C6EE4E9A016FC'","X'636A4AE595384810A33EFCB8D18A7CFF'","X'1B9D1CC8B6A54CD7AEB11C961B9300BB'","X'8C2B51FD6B3A4D7A8FC2B0A071055062'",1.18,-0.43
"X'96BF667D73014DE4BB7739E25C892E9B'","X'18BEBADB56D74A558FCE213CC395E45F'","X'E990EEBA5D434251A2CED1C43C294048'","X'1A1BBFFC6FEF44E1BBB98DC0726C2018'",0.50,0.00
"X'987E44062CCA4156BC9CB72113529D0A'","X'69911C8964764B1CBCB046D46A293C91'","X'E990EEBA5D434251A2CED1C43C294048'","X'8EE7AE7D88B1405DA29123F10E8CDCAB'",0.22,0.24
"X'9947383A5C884AAC8A8167E26D1A2E47'","X'E8A364B2292E41BE9C433E3C78B43E36'","X'7F4746DF0A7041C1B72BC3FDF3B69F9A'","X'9CD2D9F7B6B746B6948B66EBB6B71486'",0.56,-0.02
"X'9A54D03D755B4410944F19DA4ADF72E0'","X'69911C8964764B1CBCB046D46A293C91'","X'1B9D1CC8B6A54CD7AEB11C961B9300BB'","X'8C2B51FD6B3A4D7A8FC2B0A071055062'",0.89,0.00
"X'9ABC0C788EFC444195388B29F15601E5'","X'E8A364B2292E41BE9C433E3C78B43E36'","X'E990EEBA5D434251A2CED1C43C294048'","X'9CD2D9F7B6B746B6948B66EBB6B71486'",0.50,0.00
"X'9B88251E4CD94FDD9103F7CE3C9502E3'","X'636A4AE595384810A33EFCB8D18A7CFF'","X'AC2FB39A11DC4A7CB7831C5921A20E46'","X'1A1BBFFC6FEF44E1BBB98DC0726C2018'",0.50,0.00
"X'9CBF4620BA8145428179A950E60FBC14'","X'EFA10A4B89744AA19AD9F05579B64C1E'","X'E990EEBA5D434251A2CED1C43C294048'","X'8EE7AE7D88B1405DA29123F10E8CDCAB'",0.50,0.00
"X'9E3D54051D8A4A14933B3D54A2AD6812'","X'03F7799D5D5A4179B5434270C4C78CCD'","X'7F4746DF0A7041C1B72BC3FDF3B69F9A'","X'C3122318A52B4221B00942A1AECBC657'",0.50,0.00
"X'9E8A90CF106A42BC8FF92230877F7ABC'","X'2EB98206C75A4A4E843D4417A3A713BE'","X'E990EEBA5D434251A2CED1C43C294048'","X'9CD2D9F7B6B746B6948B66EBB6B71486'",0.90,-0.30
"X'9FD99232D5AD4D648DCD422781FBBFCB'","X'19615372C715430B9B3CD260353DE91F'","X'AC2FB39A11DC4A7CB7831C5921A20E46'","X'1A1BBFFC6FEF44E1BBB98DC0726C2018'",0.50,0.00
"X'A1220ED16B444B068691EA6F2AC1BC00'","X'E8A364B2292E41BE9C433E3C78B43E36'","X'E990EEBA5D434251A2CED1C43C294048'","X'1A1BBFFC6FEF44E1BBB98DC0726C2018'",0.50,0.00
"X'A1FE0EA1A3664BDB8AB3337117977B33'","X'5E66027D20DF4B638F65B5B8F6D05C60'","X'1B9D1CC8B6A54CD7AEB11C961B9300BB'","X'417786202CD94EB89655C67365551278'",0.55,-0.31
"X'A20C4C58A9D64ACE905C1723F1E07E2B'","X'18BEBADB56D74A558FCE213CC395E45F'","X'AC2FB39A11DC4A7CB7831C5921A20E46'","X'1A1BBFFC6FEF44E1BBB98DC0726C2018'",0.50,0.00
"X'A3CCD65C5E6643939B3A7FF8A2DBEA48'","X'B8F77824BF6A429DA4AD1A580BB30D49'","X'E990EEBA5D434251A2CED1C43C294048'","X'9CD2D9F7B6B746B6948B66EBB6B71486'",0.67,0.00
"X'A3D039878AE44C1F8B580D556E5BA14E'","X'03F7799D5D5A4179B5434270C4C78CCD'","X'1B9D1CC8B6A54CD7AEB11C961B9300BB'","X'417786202CD94EB89655C67365551278'",0.42,0.06
"X'A4A00446292843229D90C0AE95A2DF65'","X'5E66027D20DF4B638F65B5B8F6D05C60'","X'E990EEBA5D434251A2CED1C43C294048'","X'8C2B51FD6B3A4D7A8FC2B0A071055062'",0.61,-0.20
"X'A72C07FBA55D449982C9607B799C8EB1'","X'636C4FCD8F234C4689AB159D74558F06'","X'AC2FB39A11DC4A7CB7831C5921A20E46'","X'9CD2D9F7B6B746B6948B66EBB6B71486'",0.92,0.00
"X'A7632F6A786C4F68AACE2AAF46CEF772'","X'78D85F444FB64F24A31945F2675109D2'","X'E990EEBA5D434251A2CED1C43C294048'","X'C3122318A52B4221B00942A1AECBC657'",0.55,-0.18
"X'A9284D0AA2814A0BB00DB68B67B964FF'","X'636A4AE595384810A33EFCB8D18A7CFF'","X'E990EEBA5D434251A2CED1C43C294048'","X'8EE7AE7D88B1405DA29123F10E8CDCAB'",1.42,-0.14
"X'AB73D54E6639424CB839B4D86FDE3F08'","X'636A4AE595384810A33EFCB8D18A7CFF'","X'1B9D1CC8B6A54CD7AEB11C961B9300BB'","X'8EE7AE7D88B1405DA29123F10E8CDCAB'",0.76,-0.18
"X'AC1BD004353A405E8C135DFE84BEF62C'","X'636C4FCD8F234C4689AB159D74558F06'","X'AC2FB39A11DC4A7CB7831C5921A20E46'","X'C3122318A52B4221B00942A1AECBC657'",1.12,0.00
"X'ACA0468C735C4945BDCBEC5F32E75C30'","X'03F7799D5D5A4179B5434270C4C78CCD'","X'7F4746DF0A7041C1B72BC3FDF3B69F9A'","X'8C2B51FD6B3A4D7A8FC2B0A071055062'",0.50,0.00
"X'ACAA2B3664224E14A274FE72CF3E8C10'","X'03F7799D5D5A4179B5434270C4C78CCD'","X'E990EEBA5D434251A2CED1C43C294048'","X'8EE7AE7D88B1405DA29123F10E8CDCAB'",0.50,0.00
"X'ADA78A7B0D1D47E6BCA6162739FAC75B'","X'78D85F444FB64F24A31945F2675109D2'","X'E990EEBA5D434251A2CED1C43C294048'","X'8C2B51FD6B3A4D7A8FC2B0A071055062'",0.55,-0.18
"X'AFEAE59E60C34AF18F023EB67FC99453'","X'03F7799D5D5A4179B5434270C4C78CCD'","X'7F4746DF0A7041C1B72BC3FDF3B69F9A'","X'417786202CD94EB89655C67365551278'",0.50,0.00
"X'B04960A0B8EC4CD29D3E3EF2C8E575BA'","X'636A4AE595384810A33EFCB8D18A7CFF'","X'E990EEBA5D434251A2CED1C43C294048'","X'8C2B51FD6B3A4D7A8FC2B0A071055062'",0.76,-0.29
"X'B1ABE925D5044D8D823CA7B97B387A7D'","X'E8A364B2292E41BE9C433E3C78B43E36'","X'1B9D1CC8B6A54CD7AEB11C961B9300BB'","X'8C2B51FD6B3A4D7A8FC2B0A071055062'",0.63,0.00
"X'B1BB2A4ABB3249A5B33C4E240D2D57A9'","X'69911C8964764B1CBCB046D46A293C91'","X'E990EEBA5D434251A2CED1C43C294048'","X'417786202CD94EB89655C67365551278'",0.62,-0.07
"X'B20D89C3B93F41668F9AA75FF3759068'","X'18BEBADB56D74A558FCE213CC395E45F'","X'E990EEBA5D434251A2CED1C43C294048'","X'417786202CD94EB89655C67365551278'",0.50,0.00
"X'B424E62389DF42D5995EC6E2AD8160F5'","X'0902BDF3468640E2B3B1A181C1E51792'","X'E990EEBA5D434251A2CED1C43C294048'","X'8EE7AE7D88B1405DA29123F10E8CDCAB'",0.64,0.00
"X'B5B05B9198C84EA8B62AAFCE6A3E6812'","X'78D85F444FB64F24A31945F2675109D2'","X'E990EEBA5D434251A2CED1C43C294048'","X'8EE7AE7D88B1405DA29123F10E8CDCAB'",0.60,-0.18
"X'B627B9C3C62845F3A1383D75DED8F2C2'","X'EFA10A4B89744AA19AD9F05579B64C1E'","X'E990EEBA5D434251A2CED1C43C294048'","X'8C2B51FD6B3A4D7A8FC2B0A071055062'",0.50,0.00
"X'B6605832C47949B78AF1D279317591C6'","X'03F7799D5D5A4179B5434270C4C78CCD'","X'AC2FB39A11DC4A7CB7831C5921A20E46'","X'C3122318A52B4221B00942A1AECBC657'",0.50,0.00
"X'B695028E19CC4C01A3800C9D34FB314E'","X'69911C8964764B1CBCB046D46A293C91'","X'AC2FB39A11DC4A7CB7831C5921A20E46'","X'C3122318A52B4221B00942A1AECBC657'",0.97,0.00
"X'B6A4A11D450641EF8C842BD2561A2F47'","X'97C31825132040B4B59F025839450E77'","X'E990EEBA5D434251A2CED1C43C294048'","X'C3122318A52B4221B00942A1AECBC657'",0.95,-0.42
"X'B862778879A9424DA6C8ED02377741F1'","X'E8A364B2292E41BE9C433E3C78B43E36'","X'1B9D1CC8B6A54CD7AEB11C961B9300BB'","X'C3122318A52B4221B00942A1AECBC657'",0.46,0.00
"X'B9ACD6DC916D465297DD1CD3CF72151A'","X'328332C46ECD4500B725AF6162DFFBCE'","X'E990EEBA5D434251A2CED1C43C294048'","X'417786202CD94EB89655C67365551278'",0.50,0.00
"X'BA516C5139EE4AD49187954CA7BEB8C9'","X'B8F77824BF6A429DA4AD1A580BB30D49'","X'AC2FB39A11DC4A7CB7831C5921A20E46'","X'417786202CD94EB89655C67365551278'",0.60,0.00
"X'BA7F2E90542245E0B58B060708E2E123'","X'B8F77824BF6A429DA4AD1A580BB30D49'","X'E990EEBA5D434251A2CED1C43C294048'","X'417786202CD94EB89655C67365551278'",0.66,0.00
"X'BBC81D39A69F422BABDAE586F23E2DCF'","X'328332C46ECD4500B725AF6162DFFBCE'","X'E990EEBA5D434251A2CED1C43C294048'","X'8C2B51FD6B3A4D7A8FC2B0A071055062'",0.50,0.00
"X'BCAEE48344B44F21A3C42A7CBD5588B1'","X'97C31825132040B4B59F025839450E77'","X'E990EEBA5D434251A2CED1C43C294048'","X'8EE7AE7D88B1405DA29123F10E8CDCAB'",1.66,-0.29
"X'BCD60084A1B44CE7A4C0314682FC740A'","X'636A4AE595384810A33EFCB8D18A7CFF'","X'E990EEBA5D434251A2CED1C43C294048'","X'C3122318A52B4221B00942A1AECBC657'",0.80,-0.10
"X'BE913DEAED1E41AE9F517A3FF5D83C94'","X'19615372C715430B9B3CD260353DE91F'","X'E990EEBA5D434251A2CED1C43C294048'","X'1A1BBFFC6FEF44E1BBB98DC0726C2018'",0.52,0.02
"X'BF6E63439762425B8429BFB809049C6C'","X'704B04D1CBAD4AC883C7D5FB514123F9'","X'E990EEBA5D434251A2CED1C43C294048'","X'8EE7AE7D88B1405DA29123F10E8CDCAB'",0.47,0.00
"X'BF8434BBE2E14DCBAFF3A52A49FE2B20'","X'328332C46ECD4500B725AF6162DFFBCE'","X'E990EEBA5D434251A2CED1C43C294048'","X'1A1BBFFC6FEF44E1BBB98DC0726C2018'",0.50,0.00
"X'C162C099A2154E3986A9BB71379C5041'","X'2EB98206C75A4A4E843D4417A3A713BE'","X'E990EEBA5D434251A2CED1C43C294048'","X'1A1BBFFC6FEF44E1BBB98DC0726C2018'",0.63,0.40
"X'C1BEDC20097A497588EC681B1CDF04BC'","X'19615372C715430B9B3CD260353DE91F'","X'AC2FB39A11DC4A7CB7831C5921A20E46'","X'8EE7AE7D88B1405DA29123F10E8CDCAB'",0.51,-0.08
"X'C1E031D433C74A2D9561BBB9EBBA99B7'","X'E8A364B2292E41BE9C433E3C78B43E36'","X'AC2FB39A11DC4A7CB7831C5921A20E46'","X'C3122318A52B4221B00942A1AECBC657'",0.51,0.00
"X'C2504489C7F54513B80936FA95082BFF'","X'B8F77824BF6A429DA4AD1A580BB30D49'","X'AC2FB39A11DC4A7CB7831C5921A20E46'","X'1A1BBFFC6FEF44E1BBB98DC0726C2018'",0.50,0.00
"X'C2E77BA19A484733AD27B5DBD48413F5'","X'18BEBADB56D74A558FCE213CC395E45F'","X'7F4746DF0A7041C1B72BC3FDF3B69F9A'","X'8C2B51FD6B3A4D7A8FC2B0A071055062'",0.55,0.00
"X'C4C44361E5C64355B068E5010D5E30C8'","X'19615372C715430B9B3CD260353DE91F'","X'E990EEBA5D434251A2CED1C43C294048'","X'8C2B51FD6B3A4D7A8FC2B0A071055062'",0.51,0.02
"X'C6DD5B9F86C34228807A7B0F71986AD0'","X'328332C46ECD4500B725AF6162DFFBCE'","X'1B9D1CC8B6A54CD7AEB11C961B9300BB'","X'C3122318A52B4221B00942A1AECBC657'",0.80,0.00
"X'CB9335AECC2D46FCA1D2CC72A085A040'","X'B8F77824BF6A429DA4AD1A580BB30D49'","X'7F4746DF0A7041C1B72BC3FDF3B69F9A'","X'9CD2D9F7B6B746B6948B66EBB6B71486'",0.44,0.07
"X'CC54592D0DF2446CB0ADB504F49EE233'","X'704B04D1CBAD4AC883C7D5FB514123F9'","X'E990EEBA5D434251A2CED1C43C294048'","X'1A1BBFFC6FEF44E1BBB98DC0726C2018'",0.61,0.00
"X'CEEC3DA862CA4906A6E1AA22A6CA8C95'","X'69911C8964764B1CBCB046D46A293C91'","X'1B9D1CC8B6A54CD7AEB11C961B9300BB'","X'8EE7AE7D88B1405DA29123F10E8CDCAB'",0.55,0.00
"X'CF5F20CE13D34C15AC53B83B9551CA36'","X'19615372C715430B9B3CD260353DE91F'","X'E990EEBA5D434251A2CED1C43C294048'","X'8EE7AE7D88B1405DA29123F10E8CDCAB'",0.56,-0.12
"X'CFDB49BD2DF94AD3A3FBDA0ECFD9EAF1'","X'97C31825132040B4B59F025839450E77'","X'E990EEBA5D434251A2CED1C43C294048'","X'1A1BBFFC6FEF44E1BBB98DC0726C2018'",1.13,-0.29
"X'D29FB4F804964400A19EAE23636CF456'","X'636C4FCD8F234C4689AB159D74558F06'","X'AC2FB39A11DC4A7CB7831C5921A20E46'","X'8EE7AE7D88B1405DA29123F10E8CDCAB'",0.75,0.00
"X'D4A27711029545369482487A08FC2FE0'","X'636A4AE595384810A33EFCB8D18A7CFF'","X'1B9D1CC8B6A54CD7AEB11C961B9300BB'","X'9CD2D9F7B6B746B6948B66EBB6B71486'",0.87,-0.18
"X'D5FBFB145EE8482AA3AFB84847A27735'","X'EFA10A4B89744AA19AD9F05579B64C1E'","X'E990EEBA5D434251A2CED1C43C294048'","X'1A1BBFFC6FEF44E1BBB98DC0726C2018'",0.50,0.00
"X'D6317D4F1D4946E98EC9B58D26F3D208'","X'5AFEF49851B54BDFB1F132E1ED8CAAF3'","X'E990EEBA5D434251A2CED1C43C294048'","X'8EE7AE7D88B1405DA29123F10E8CDCAB'",0.52,0.03
"X'D714F6AD610A449FA0FCBC8E20EFC2CF'","X'18BEBADB56D74A558FCE213CC395E45F'","X'1B9D1CC8B6A54CD7AEB11C961B9300BB'","X'9CD2D9F7B6B746B6948B66EBB6B71486'",0.50,0.00
"X'D7A3FF366B8944C2AC43CB33C1D37BB9'","X'636A4AE595384810A33EFCB8D18A7CFF'","X'AC2FB39A11DC4A7CB7831C5921A20E46'","X'9CD2D9F7B6B746B6948B66EBB6B71486'",0.95,0.00
"X'D7D7095DD9A24D09BE41C4B2151326E5'","X'B8F77824BF6A429DA4AD1A580BB30D49'","X'1B9D1CC8B6A54CD7AEB11C961B9300BB'","X'417786202CD94EB89655C67365551278'",0.50,0.00
"X'D92C445FF75346F98E3D69AE9888629D'","X'E8A364B2292E41BE9C433E3C78B43E36'","X'7F4746DF0A7041C1B72BC3FDF3B69F9A'","X'C3122318A52B4221B00942A1AECBC657'",0.71,-0.18
"X'D9716C11172E4C75884D2C884689C393'","X'E8A364B2292E41BE9C433E3C78B43E36'","X'AC2FB39A11DC4A7CB7831C5921A20E46'","X'8EE7AE7D88B1405DA29123F10E8CDCAB'",0.39,0.00
"X'DAE5175925D148189E7D25ECF427C1F8'","X'E8A364B2292E41BE9C433E3C78B43E36'","X'7F4746DF0A7041C1B72BC3FDF3B69F9A'","X'1A1BBFFC6FEF44E1BBB98DC0726C2018'",0.60,-0.18
"X'DB1C444A84D341C98553140A2B5014E6'","X'18BEBADB56D74A558FCE213CC395E45F'","X'7F4746DF0A7041C1B72BC3FDF3B69F9A'","X'8EE7AE7D88B1405DA29123F10E8CDCAB'",0.50,0.00
"X'DB7C49AE83B74AF7A740AA06B91AB2CC'","X'2EB98206C75A4A4E843D4417A3A713BE'","X'E990EEBA5D434251A2CED1C43C294048'","X'8C2B51FD6B3A4D7A8FC2B0A071055062'",0.80,-0.30
"X'DB80372D01FB4C4199D3EB91AB2ABF13'","X'B8F77824BF6A429DA4AD1A580BB30D49'","X'1B9D1CC8B6A54CD7AEB11C961B9300BB'","X'C3122318A52B4221B00942A1AECBC657'",0.50,0.00
"X'DC17A4F4AB6F4ACFB5D34F0CF0E2E45A'","X'636C4FCD8F234C4689AB159D74558F06'","X'E990EEBA5D434251A2CED1C43C294048'","X'1A1BBFFC6FEF44E1BBB98DC0726C2018'",0.55,-0.10
"X'DC6984F9323F4D9AA280D1E001A1B4E3'","X'18BEBADB56D74A558FCE213CC395E45F'","X'AC2FB39A11DC4A7CB7831C5921A20E46'","X'8C2B51FD6B3A4D7A8FC2B0A071055062'",0.50,0.00
"X'DD37CD042DEB4B0F9D2B667FF01C18AA'","X'5E66027D20DF4B638F65B5B8F6D05C60'","X'1B9D1CC8B6A54CD7AEB11C961B9300BB'","X'9CD2D9F7B6B746B6948B66EBB6B71486'",0.60,-0.38
"X'E0D5D8054C084C689BB83811E92187C1'","X'0902BDF3468640E2B3B1A181C1E51792'","X'E990EEBA5D434251A2CED1C43C294048'","X'1A1BBFFC6FEF44E1BBB98DC0726C2018'",0.62,0.00
"X'E1B49F70F18A40049C385106AE2C4602'","X'B8F77824BF6A429DA4AD1A580BB30D49'","X'AC2FB39A11DC4A7CB7831C5921A20E46'","X'8C2B51FD6B3A4D7A8FC2B0A071055062'",0.91,0.00
"X'E2E46AFC8F9F4229A471EBD27C14275D'","X'19615372C715430B9B3CD260353DE91F'","X'1B9D1CC8B6A54CD7AEB11C961B9300BB'","X'1A1BBFFC6FEF44E1BBB98DC0726C2018'",0.60,-0.26
"X'E4462CC643D447ACAB9534F7FE417F57'","X'03F7799D5D5A4179B5434270C4C78CCD'","X'E990EEBA5D434251A2CED1C43C294048'","X'C3122318A52B4221B00942A1AECBC657'",0.50,0.00
"X'E6721E7810914E3584A2F904C46381F1'","X'69911C8964764B1CBCB046D46A293C91'","X'7F4746DF0A7041C1B72BC3FDF3B69F9A'","X'1A1BBFFC6FEF44E1BBB98DC0726C2018'",0.43,-0.02
"X'E70BD3439F7847519956A0E01F5EB0AE'","X'E8A364B2292E41BE9C433E3C78B43E36'","X'1B9D1CC8B6A54CD7AEB11C961B9300BB'","X'8EE7AE7D88B1405DA29123F10E8CDCAB'",0.50,0.00
"X'E7A14E515E2645658FAF83492AC0A2D8'","X'B8F77824BF6A429DA4AD1A580BB30D49'","X'E990EEBA5D434251A2CED1C43C294048'","X'C3122318A52B4221B00942A1AECBC657'",0.65,0.00
"X'E7B2C1FA1FBA4ABCBDE06BED84D6FB32'","X'78D85F444FB64F24A31945F2675109D2'","X'E990EEBA5D434251A2CED1C43C294048'","X'1A1BBFFC6FEF44E1BBB98DC0726C2018'",0.42,0.16
"X'E7F78436546A4E47B51C80B073873005'","X'E8A364B2292E41BE9C433E3C78B43E36'","X'E990EEBA5D434251A2CED1C43C294048'","X'C3122318A52B4221B00942A1AECBC657'",0.46,0.00
"X'E93CCCE4F153468AAD27655CAD430E74'","X'E8A364B2292E41BE9C433E3C78B43E36'","X'AC2FB39A11DC4A7CB7831C5921A20E46'","X'1A1BBFFC6FEF44E1BBB98DC0726C2018'",0.50,0.00
"X'EA752B93609041C0A1D734AF7D57D7FC'","X'5AFEF49851B54BDFB1F132E1ED8CAAF3'","X'E990EEBA5D434251A2CED1C43C294048'","X'1A1BBFFC6FEF44E1BBB98DC0726C2018'",0.66,-0.14
"X'ED708127CCA94ED49F18F55341728D50'","X'E8A364B2292E41BE9C433E3C78B43E36'","X'E990EEBA5D434251A2CED1C43C294048'","X'417786202CD94EB89655C67365551278'",0.90,0.00
"X'EE1BCB783AAD4F3CBF0E062EA33E63A6'","X'E8A364B2292E41BE9C433E3C78B43E36'","X'1B9D1CC8B6A54CD7AEB11C961B9300BB'","X'9CD2D9F7B6B746B6948B66EBB6B71486'",0.82,0.00
"X'EE4690109DC04A10843A2B4B5761FBC1'","X'18BEBADB56D74A558FCE213CC395E45F'","X'7F4746DF0A7041C1B72BC3FDF3B69F9A'","X'C3122318A52B4221B00942A1AECBC657'",1.65,0.00
"X'EEB4E31E462F4091B0DBE8B047824E45'","X'E8A364B2292E41BE9C433E3C78B43E36'","X'AC2FB39A11DC4A7CB7831C5921A20E46'","X'9CD2D9F7B6B746B6948B66EBB6B71486'",0.71,0.00
"X'EF04D456E3E54F6C8378082FDD33C796'","X'03F7799D5D5A4179B5434270C4C78CCD'","X'E990EEBA5D434251A2CED1C43C294048'","X'9CD2D9F7B6B746B6948B66EBB6B71486'",0.50,0.00
"X'EF3997299BD44EE9BD93F84FB6D4B5BC'","X'5AFEF49851B54BDFB1F132E1ED8CAAF3'","X'E990EEBA5D434251A2CED1C43C294048'","X'9CD2D9F7B6B746B6948B66EBB6B71486'",0.75,-0.26
"X'EFAB0447C3F043C7B88775F1999DC7B6'","X'636A4AE595384810A33EFCB8D18A7CFF'","X'1B9D1CC8B6A54CD7AEB11C961B9300BB'","X'C3122318A52B4221B00942A1AECBC657'",1.50,-0.42
"X'F0C6CB44035C46D991F990624122BA7A'","X'328332C46ECD4500B725AF6162DFFBCE'","X'AC2FB39A11DC4A7CB7831C5921A20E46'","X'8C2B51FD6B3A4D7A8FC2B0A071055062'",0.50,0.00
"X'F1009D4C99F54173829CDD31DF3ECB64'","X'69911C8964764B1CBCB046D46A293C91'","X'AC2FB39A11DC4A7CB7831C5921A20E46'","X'9CD2D9F7B6B746B6948B66EBB6B71486'",1.03,0.00
"X'F1893B466C2C45619F05846972962F02'","X'97CFF03E8FCC4B5A9DC6B6758312675F'","X'E990EEBA5D434251A2CED1C43C294048'","X'1A1BBFFC6FEF44E1BBB98DC0726C2018'",0.50,0.00
"X'F20E87C598514CEE8D1C748EA8CC78BF'","X'0902BDF3468640E2B3B1A181C1E51792'","X'E990EEBA5D434251A2CED1C43C294048'","X'417786202CD94EB89655C67365551278'",0.42,0.00
"X'F251D7C499F8478F95D9849C1935BEE6'","X'5E66027D20DF4B638F65B5B8F6D05C60'","X'AC2FB39A11DC4A7CB7831C5921A20E46'","X'8EE7AE7D88B1405DA29123F10E8CDCAB'",0.80,-0.24
"X'F2F712FD481F46E2810CDA40411DA664'","X'69911C8964764B1CBCB046D46A293C91'","X'7F4746DF0A7041C1B72BC3FDF3B69F9A'","X'9CD2D9F7B6B746B6948B66EBB6B71486'",0.74,-0.03
"X'F69B4942317B45D5819492E14269469A'","X'5E66027D20DF4B638F65B5B8F6D05C60'","X'E990EEBA5D434251A2CED1C43C294048'","X'417786202CD94EB89655C67365551278'",0.81,-0.22
"X'F9E42C346FF441CD9F778D92E4925E52'","X'78D85F444FB64F24A31945F2675109D2'","X'E990EEBA5D434251A2CED1C43C294048'","X'417786202CD94EB89655C67365551278'",0.66,-0.16
"X'FA620F54F61111EE8F82D92941CC39B9'","X'97CFF03E8FCC4B5A9DC6B6758312675F'","X'1B9D1CC8B6A54CD7AEB11C961B9300BB'","X'1A1BBFFC6FEF44E1BBB98DC0726C2018'",0.50,0.00
"X'FA620FF3F61111EE8F82D92941CC39B9'","X'97CFF03E8FCC4B5A9DC6B6758312675F'","X'AC2FB39A11DC4A7CB7831C5921A20E46'","X'1A1BBFFC6FEF44E1BBB98DC0726C2018'",0.50,0.00
"X'FA62108FF61111EE8F82D92941CC39B9'","X'97CFF03E8FCC4B5A9DC6B6758312675F'","X'7F4746DF0A7041C1B72BC3FDF3B69F9A'","X'1A1BBFFC6FEF44E1BBB98DC0726C2018'",0.50,0.00
"X'FA62118CF61111EE8F82D92941CC39B9'","X'97CFF03E8FCC4B5A9DC6B6758312675F'","X'1B9D1CC8B6A54CD7AEB11C961B9300BB'","X'417786202CD94EB89655C67365551278'",0.50,0.00
"X'FA621229F61111EE8F82D92941CC39B9'","X'97CFF03E8FCC4B5A9DC6B6758312675F'","X'AC2FB39A11DC4A7CB7831C5921A20E46'","X'417786202CD94EB89655C67365551278'",0.50,0.00
"X'FA6212C4F61111EE8F82D92941CC39B9'","X'97CFF03E8FCC4B5A9DC6B6758312675F'","X'7F4746DF0A7041C1B72BC3FDF3B69F9A'","X'417786202CD94EB89655C67365551278'",0.50,0.00
"X'FA6213B2F61111EE8F82D92941CC39B9'","X'97CFF03E8FCC4B5A9DC6B6758312675F'","X'1B9D1CC8B6A54CD7AEB11C961B9300BB'","X'8C2B51FD6B3A4D7A8FC2B0A071055062'",0.50,0.00
"X'FA62144DF61111EE8F82D92941CC39B9'","X'97CFF03E8FCC4B5A9DC6B6758312675F'","X'AC2FB39A11DC4A7CB7831C5921A20E46'","X'8C2B51FD6B3A4D7A8FC2B0A071055062'",0.50,0.00
"X'FA6214E8F61111EE8F82D92941CC39B9'","X'97CFF03E8FCC4B5A9DC6B6758312675F'","X'7F4746DF0A7041C1B72BC3FDF3B69F9A'","X'8C2B51FD6B3A4D7A8FC2B0A071055062'",0.50,0.00
"X'FA62159CF61111EE8F82D92941CC39B9'","X'97CFF03E8FCC4B5A9DC6B6758312675F'","X'1B9D1CC8B6A54CD7AEB11C961B9300BB'","X'8EE7AE7D88B1405DA29123F10E8CDCAB'",0.50,0.00
"X'FA621638F61111EE8F82D92941CC39B9'","X'97CFF03E8FCC4B5A9DC6B6758312675F'","X'AC2FB39A11DC4A7CB7831C5921A20E46'","X'8EE7AE7D88B1405DA29123F10E8CDCAB'",0.50,0.00
"X'FA6216D4F61111EE8F82D92941CC39B9'","X'97CFF03E8FCC4B5A9DC6B6758312675F'","X'7F4746DF0A7041C1B72BC3FDF3B69F9A'","X'8EE7AE7D88B1405DA29123F10E8CDCAB'",0.50,0.00
"X'FA6217A6F61111EE8F82D92941CC39B9'","X'97CFF03E8FCC4B5A9DC6B6758312675F'","X'1B9D1CC8B6A54CD7AEB11C961B9300BB'","X'9CD2D9F7B6B746B6948B66EBB6B71486'",0.50,0.00
"X'FA621841F61111EE8F82D92941CC39B9'","X'97CFF03E8FCC4B5A9DC6B6758312675F'","X'AC2FB39A11DC4A7CB7831C5921A20E46'","X'9CD2D9F7B6B746B6948B66EBB6B71486'",0.50,0.00
"X'FA6218DCF61111EE8F82D92941CC39B9'","X'97CFF03E8FCC4B5A9DC6B6758312675F'","X'7F4746DF0A7041C1B72BC3FDF3B69F9A'","X'9CD2D9F7B6B746B6948B66EBB6B71486'",0.50,0.00
"X'FA6219BCF61111EE8F82D92941CC39B9'","X'97CFF03E8FCC4B5A9DC6B6758312675F'","X'1B9D1CC8B6A54CD7AEB11C961B9300BB'","X'C3122318A52B4221B00942A1AECBC657'",0.50,0.00
"X'FA621A58F61111EE8F82D92941CC39B9'","X'97CFF03E8FCC4B5A9DC6B6758312675F'","X'AC2FB39A11DC4A7CB7831C5921A20E46'","X'C3122318A52B4221B00942A1AECBC657'",0.50,0.00
"X'FA621AF3F61111EE8F82D92941CC39B9'","X'97CFF03E8FCC4B5A9DC6B6758312675F'","X'7F4746DF0A7041C1B72BC3FDF3B69F9A'","X'C3122318A52B4221B00942A1AECBC657'",0.50,0.00
"X'FA621D45F61111EE8F82D92941CC39B9'","X'328332C46ECD4500B725AF6162DFFBCE'","X'7F4746DF0A7041C1B72BC3FDF3B69F9A'","X'1A1BBFFC6FEF44E1BBB98DC0726C2018'",0.50,0.00
"X'FA6220FDF61111EE8F82D92941CC39B9'","X'328332C46ECD4500B725AF6162DFFBCE'","X'7F4746DF0A7041C1B72BC3FDF3B69F9A'","X'417786202CD94EB89655C67365551278'",0.50,0.00
"X'FA622495F61111EE8F82D92941CC39B9'","X'328332C46ECD4500B725AF6162DFFBCE'","X'7F4746DF0A7041C1B72BC3FDF3B69F9A'","X'8C2B51FD6B3A4D7A8FC2B0A071055062'",0.50,0.00
"X'FA622798F61111EE8F82D92941CC39B9'","X'328332C46ECD4500B725AF6162DFFBCE'","X'7F4746DF0A7041C1B72BC3FDF3B69F9A'","X'8EE7AE7D88B1405DA29123F10E8CDCAB'",0.50,0.00
"X'FA6229C2F61111EE8F82D92941CC39B9'","X'328332C46ECD4500B725AF6162DFFBCE'","X'7F4746DF0A7041C1B72BC3FDF3B69F9A'","X'9CD2D9F7B6B746B6948B66EBB6B71486'",0.50,0.00
"X'FA622C8FF61111EE8F82D92941CC39B9'","X'328332C46ECD4500B725AF6162DFFBCE'","X'7F4746DF0A7041C1B72BC3FDF3B69F9A'","X'C3122318A52B4221B00942A1AECBC657'",0.50,0.00
"X'FA624FEDF61111EE8F82D92941CC39B9'","X'636A4AE595384810A33EFCB8D18A7CFF'","X'7F4746DF0A7041C1B72BC3FDF3B69F9A'","X'1A1BBFFC6FEF44E1BBB98DC0726C2018'",1.70,-0.12
"X'FA625240F61111EE8F82D92941CC39B9'","X'636A4AE595384810A33EFCB8D18A7CFF'","X'7F4746DF0A7041C1B72BC3FDF3B69F9A'","X'417786202CD94EB89655C67365551278'",0.51,-0.10
"X'FA625490F61111EE8F82D92941CC39B9'","X'636A4AE595384810A33EFCB8D18A7CFF'","X'7F4746DF0A7041C1B72BC3FDF3B69F9A'","X'8C2B51FD6B3A4D7A8FC2B0A071055062'",0.56,-0.17
"X'FA6257E2F61111EE8F82D92941CC39B9'","X'636A4AE595384810A33EFCB8D18A7CFF'","X'7F4746DF0A7041C1B72BC3FDF3B69F9A'","X'8EE7AE7D88B1405DA29123F10E8CDCAB'",0.66,-0.34
"X'FA625BB0F61111EE8F82D92941CC39B9'","X'636A4AE595384810A33EFCB8D18A7CFF'","X'7F4746DF0A7041C1B72BC3FDF3B69F9A'","X'9CD2D9F7B6B746B6948B66EBB6B71486'",0.65,-0.26
"X'FA625E62F61111EE8F82D92941CC39B9'","X'636A4AE595384810A33EFCB8D18A7CFF'","X'7F4746DF0A7041C1B72BC3FDF3B69F9A'","X'C3122318A52B4221B00942A1AECBC657'",0.60,-0.26
"X'FA628071F61111EE8F82D92941CC39B9'","X'636C4FCD8F234C4689AB159D74558F06'","X'7F4746DF0A7041C1B72BC3FDF3B69F9A'","X'1A1BBFFC6FEF44E1BBB98DC0726C2018'",0.79,-0.21
"X'FA62834AF61111EE8F82D92941CC39B9'","X'636C4FCD8F234C4689AB159D74558F06'","X'7F4746DF0A7041C1B72BC3FDF3B69F9A'","X'417786202CD94EB89655C67365551278'",1.15,-0.32
"X'FA62864AF61111EE8F82D92941CC39B9'","X'636C4FCD8F234C4689AB159D74558F06'","X'7F4746DF0A7041C1B72BC3FDF3B69F9A'","X'8C2B51FD6B3A4D7A8FC2B0A071055062'",0.77,-0.13
"X'FA628972F61111EE8F82D92941CC39B9'","X'636C4FCD8F234C4689AB159D74558F06'","X'7F4746DF0A7041C1B72BC3FDF3B69F9A'","X'8EE7AE7D88B1405DA29123F10E8CDCAB'",0.83,-0.22
"X'FA628C3BF61111EE8F82D92941CC39B9'","X'636C4FCD8F234C4689AB159D74558F06'","X'7F4746DF0A7041C1B72BC3FDF3B69F9A'","X'9CD2D9F7B6B746B6948B66EBB6B71486'",1.24,-0.25
"X'FA628F10F61111EE8F82D92941CC39B9'","X'636C4FCD8F234C4689AB159D74558F06'","X'7F4746DF0A7041C1B72BC3FDF3B69F9A'","X'C3122318A52B4221B00942A1AECBC657'",1.01,-0.38
"X'FA62A1F7F61111EE8F82D92941CC39B9'","X'5AFEF49851B54BDFB1F132E1ED8CAAF3'","X'1B9D1CC8B6A54CD7AEB11C961B9300BB'","X'1A1BBFFC6FEF44E1BBB98DC0726C2018'",0.65,-0.18
"X'FA62A2A4F61111EE8F82D92941CC39B9'","X'5AFEF49851B54BDFB1F132E1ED8CAAF3'","X'AC2FB39A11DC4A7CB7831C5921A20E46'","X'1A1BBFFC6FEF44E1BBB98DC0726C2018'",0.50,0.00
"X'FA62A341F61111EE8F82D92941CC39B9'","X'5AFEF49851B54BDFB1F132E1ED8CAAF3'","X'7F4746DF0A7041C1B72BC3FDF3B69F9A'","X'1A1BBFFC6FEF44E1BBB98DC0726C2018'",0.46,-0.06
"X'FA62A431F61111EE8F82D92941CC39B9'","X'5AFEF49851B54BDFB1F132E1ED8CAAF3'","X'1B9D1CC8B6A54CD7AEB11C961B9300BB'","X'417786202CD94EB89655C67365551278'",0.46,0.13
"X'FA62A4CEF61111EE8F82D92941CC39B9'","X'5AFEF49851B54BDFB1F132E1ED8CAAF3'","X'AC2FB39A11DC4A7CB7831C5921A20E46'","X'417786202CD94EB89655C67365551278'",0.51,-0.02
"X'FA62A569F61111EE8F82D92941CC39B9'","X'5AFEF49851B54BDFB1F132E1ED8CAAF3'","X'7F4746DF0A7041C1B72BC3FDF3B69F9A'","X'417786202CD94EB89655C67365551278'",0.55,-0.22
"X'FA62A62EF61111EE8F82D92941CC39B9'","X'5AFEF49851B54BDFB1F132E1ED8CAAF3'","X'1B9D1CC8B6A54CD7AEB11C961B9300BB'","X'8C2B51FD6B3A4D7A8FC2B0A071055062'",0.61,-0.12
"X'FA62A6CAF61111EE8F82D92941CC39B9'","X'5AFEF49851B54BDFB1F132E1ED8CAAF3'","X'AC2FB39A11DC4A7CB7831C5921A20E46'","X'8C2B51FD6B3A4D7A8FC2B0A071055062'",0.61,-0.16
"X'FA62A765F61111EE8F82D92941CC39B9'","X'5AFEF49851B54BDFB1F132E1ED8CAAF3'","X'7F4746DF0A7041C1B72BC3FDF3B69F9A'","X'8C2B51FD6B3A4D7A8FC2B0A071055062'",0.91,-0.22
"X'FA62A819F61111EE8F82D92941CC39B9'","X'5AFEF49851B54BDFB1F132E1ED8CAAF3'","X'1B9D1CC8B6A54CD7AEB11C961B9300BB'","X'8EE7AE7D88B1405DA29123F10E8CDCAB'",0.60,-0.18
"X'FA62A8B5F61111EE8F82D92941CC39B9'","X'5AFEF49851B54BDFB1F132E1ED8CAAF3'","X'AC2FB39A11DC4A7CB7831C5921A20E46'","X'8EE7AE7D88B1405DA29123F10E8CDCAB'",0.61,-0.14
"X'FA62A950F61111EE8F82D92941CC39B9'","X'5AFEF49851B54BDFB1F132E1ED8CAAF3'","X'7F4746DF0A7041C1B72BC3FDF3B69F9A'","X'8EE7AE7D88B1405DA29123F10E8CDCAB'",0.51,-0.06
"X'FA62AA30F61111EE8F82D92941CC39B9'","X'5AFEF49851B54BDFB1F132E1ED8CAAF3'","X'1B9D1CC8B6A54CD7AEB11C961B9300BB'","X'9CD2D9F7B6B746B6948B66EBB6B71486'",0.52,-0.02
"X'FA62AACCF61111EE8F82D92941CC39B9'","X'5AFEF49851B54BDFB1F132E1ED8CAAF3'","X'AC2FB39A11DC4A7CB7831C5921A20E46'","X'9CD2D9F7B6B746B6948B66EBB6B71486'",0.85,-0.26
"X'FA62AB68F61111EE8F82D92941CC39B9'","X'5AFEF49851B54BDFB1F132E1ED8CAAF3'","X'7F4746DF0A7041C1B72BC3FDF3B69F9A'","X'9CD2D9F7B6B746B6948B66EBB6B71486'",0.62,-0.06
"X'FA62AC65F61111EE8F82D92941CC39B9'","X'5AFEF49851B54BDFB1F132E1ED8CAAF3'","X'1B9D1CC8B6A54CD7AEB11C961B9300BB'","X'C3122318A52B4221B00942A1AECBC657'",0.90,-0.26
"X'FA62AD02F61111EE8F82D92941CC39B9'","X'5AFEF49851B54BDFB1F132E1ED8CAAF3'","X'AC2FB39A11DC4A7CB7831C5921A20E46'","X'C3122318A52B4221B00942A1AECBC657'",0.56,-0.14
"X'FA62AD9EF61111EE8F82D92941CC39B9'","X'5AFEF49851B54BDFB1F132E1ED8CAAF3'","X'7F4746DF0A7041C1B72BC3FDF3B69F9A'","X'C3122318A52B4221B00942A1AECBC657'",0.50,0.00
"X'FA62C0D4F61111EE8F82D92941CC39B9'","X'704B04D1CBAD4AC883C7D5FB514123F9'","X'1B9D1CC8B6A54CD7AEB11C961B9300BB'","X'1A1BBFFC6FEF44E1BBB98DC0726C2018'",0.50,0.00
"X'FA62C180F61111EE8F82D92941CC39B9'","X'704B04D1CBAD4AC883C7D5FB514123F9'","X'AC2FB39A11DC4A7CB7831C5921A20E46'","X'1A1BBFFC6FEF44E1BBB98DC0726C2018'",0.50,0.00
"X'FA62C21EF61111EE8F82D92941CC39B9'","X'704B04D1CBAD4AC883C7D5FB514123F9'","X'7F4746DF0A7041C1B72BC3FDF3B69F9A'","X'1A1BBFFC6FEF44E1BBB98DC0726C2018'",0.50,0.00
"X'FA62C30FF61111EE8F82D92941CC39B9'","X'704B04D1CBAD4AC883C7D5FB514123F9'","X'1B9D1CC8B6A54CD7AEB11C961B9300BB'","X'417786202CD94EB89655C67365551278'",0.50,0.00
"X'FA62C3ABF61111EE8F82D92941CC39B9'","X'704B04D1CBAD4AC883C7D5FB514123F9'","X'AC2FB39A11DC4A7CB7831C5921A20E46'","X'417786202CD94EB89655C67365551278'",0.50,0.00
"X'FA62C447F61111EE8F82D92941CC39B9'","X'704B04D1CBAD4AC883C7D5FB514123F9'","X'7F4746DF0A7041C1B72BC3FDF3B69F9A'","X'417786202CD94EB89655C67365551278'",0.50,0.00
"X'FA62C4FDF61111EE8F82D92941CC39B9'","X'704B04D1CBAD4AC883C7D5FB514123F9'","X'1B9D1CC8B6A54CD7AEB11C961B9300BB'","X'8C2B51FD6B3A4D7A8FC2B0A071055062'",0.50,0.00
"X'FA62C599F61111EE8F82D92941CC39B9'","X'704B04D1CBAD4AC883C7D5FB514123F9'","X'AC2FB39A11DC4A7CB7831C5921A20E46'","X'8C2B51FD6B3A4D7A8FC2B0A071055062'",0.50,0.00
"X'FA62C636F61111EE8F82D92941CC39B9'","X'704B04D1CBAD4AC883C7D5FB514123F9'","X'7F4746DF0A7041C1B72BC3FDF3B69F9A'","X'8C2B51FD6B3A4D7A8FC2B0A071055062'",0.50,0.00
"X'FA62C733F61111EE8F82D92941CC39B9'","X'704B04D1CBAD4AC883C7D5FB514123F9'","X'1B9D1CC8B6A54CD7AEB11C961B9300BB'","X'8EE7AE7D88B1405DA29123F10E8CDCAB'",0.50,0.00
"X'FA62C7D0F61111EE8F82D92941CC39B9'","X'704B04D1CBAD4AC883C7D5FB514123F9'","X'AC2FB39A11DC4A7CB7831C5921A20E46'","X'8EE7AE7D88B1405DA29123F10E8CDCAB'",0.50,0.00
"X'FA62C86BF61111EE8F82D92941CC39B9'","X'704B04D1CBAD4AC883C7D5FB514123F9'","X'7F4746DF0A7041C1B72BC3FDF3B69F9A'","X'8EE7AE7D88B1405DA29123F10E8CDCAB'",0.50,0.00
"X'FA62C94BF61111EE8F82D92941CC39B9'","X'704B04D1CBAD4AC883C7D5FB514123F9'","X'1B9D1CC8B6A54CD7AEB11C961B9300BB'","X'9CD2D9F7B6B746B6948B66EBB6B71486'",0.50,0.00
"X'FA62C9E8F61111EE8F82D92941CC39B9'","X'704B04D1CBAD4AC883C7D5FB514123F9'","X'AC2FB39A11DC4A7CB7831C5921A20E46'","X'9CD2D9F7B6B746B6948B66EBB6B71486'",0.50,0.00
"X'FA62CA83F61111EE8F82D92941CC39B9'","X'704B04D1CBAD4AC883C7D5FB514123F9'","X'7F4746DF0A7041C1B72BC3FDF3B69F9A'","X'9CD2D9F7B6B746B6948B66EBB6B71486'",0.50,0.00
"X'FA62CB47F61111EE8F82D92941CC39B9'","X'704B04D1CBAD4AC883C7D5FB514123F9'","X'1B9D1CC8B6A54CD7AEB11C961B9300BB'","X'C3122318A52B4221B00942A1AECBC657'",0.50,0.00
"X'FA62CBE5F61111EE8F82D92941CC39B9'","X'704B04D1CBAD4AC883C7D5FB514123F9'","X'AC2FB39A11DC4A7CB7831C5921A20E46'","X'C3122318A52B4221B00942A1AECBC657'",0.50,0.00
"X'FA62CC80F61111EE8F82D92941CC39B9'","X'704B04D1CBAD4AC883C7D5FB514123F9'","X'7F4746DF0A7041C1B72BC3FDF3B69F9A'","X'C3122318A52B4221B00942A1AECBC657'",0.50,0.00
"X'FA62F2ABF61111EE8F82D92941CC39B9'","X'0902BDF3468640E2B3B1A181C1E51792'","X'1B9D1CC8B6A54CD7AEB11C961B9300BB'","X'1A1BBFFC6FEF44E1BBB98DC0726C2018'",0.50,0.00
"X'FA62F34CF61111EE8F82D92941CC39B9'","X'0902BDF3468640E2B3B1A181C1E51792'","X'AC2FB39A11DC4A7CB7831C5921A20E46'","X'1A1BBFFC6FEF44E1BBB98DC0726C2018'",0.50,0.00
"X'FA62F3EAF61111EE8F82D92941CC39B9'","X'0902BDF3468640E2B3B1A181C1E51792'","X'7F4746DF0A7041C1B72BC3FDF3B69F9A'","X'1A1BBFFC6FEF44E1BBB98DC0726C2018'",0.50,0.00
"X'FA62F4CBF61111EE8F82D92941CC39B9'","X'0902BDF3468640E2B3B1A181C1E51792'","X'1B9D1CC8B6A54CD7AEB11C961B9300BB'","X'417786202CD94EB89655C67365551278'",0.50,0.00
"X'FA62F568F61111EE8F82D92941CC39B9'","X'0902BDF3468640E2B3B1A181C1E51792'","X'AC2FB39A11DC4A7CB7831C5921A20E46'","X'417786202CD94EB89655C67365551278'",0.50,0.00
"X'FA62F604F61111EE8F82D92941CC39B9'","X'0902BDF3468640E2B3B1A181C1E51792'","X'7F4746DF0A7041C1B72BC3FDF3B69F9A'","X'417786202CD94EB89655C67365551278'",0.50,0.00
"X'FA62F6F3F61111EE8F82D92941CC39B9'","X'0902BDF3468640E2B3B1A181C1E51792'","X'1B9D1CC8B6A54CD7AEB11C961B9300BB'","X'8C2B51FD6B3A4D7A8FC2B0A071055062'",0.50,0.00
"X'FA62F790F61111EE8F82D92941CC39B9'","X'0902BDF3468640E2B3B1A181C1E51792'","X'AC2FB39A11DC4A7CB7831C5921A20E46'","X'8C2B51FD6B3A4D7A8FC2B0A071055062'",0.50,0.00
"X'FA62F82CF61111EE8F82D92941CC39B9'","X'0902BDF3468640E2B3B1A181C1E51792'","X'7F4746DF0A7041C1B72BC3FDF3B69F9A'","X'8C2B51FD6B3A4D7A8FC2B0A071055062'",0.50,0.00
"X'FA62F8F0F61111EE8F82D92941CC39B9'","X'0902BDF3468640E2B3B1A181C1E51792'","X'1B9D1CC8B6A54CD7AEB11C961B9300BB'","X'8EE7AE7D88B1405DA29123F10E8CDCAB'",0.50,0.00
"X'FA62F98DF61111EE8F82D92941CC39B9'","X'0902BDF3468640E2B3B1A181C1E51792'","X'AC2FB39A11DC4A7CB7831C5921A20E46'","X'8EE7AE7D88B1405DA29123F10E8CDCAB'",0.50,0.00
"X'FA62FA28F61111EE8F82D92941CC39B9'","X'0902BDF3468640E2B3B1A181C1E51792'","X'7F4746DF0A7041C1B72BC3FDF3B69F9A'","X'8EE7AE7D88B1405DA29123F10E8CDCAB'",0.50,0.00
"X'FA62FAF9F61111EE8F82D92941CC39B9'","X'0902BDF3468640E2B3B1A181C1E51792'","X'1B9D1CC8B6A54CD7AEB11C961B9300BB'","X'9CD2D9F7B6B746B6948B66EBB6B71486'",0.50,0.00
"X'FA62FB96F61111EE8F82D92941CC39B9'","X'0902BDF3468640E2B3B1A181C1E51792'","X'AC2FB39A11DC4A7CB7831C5921A20E46'","X'9CD2D9F7B6B746B6948B66EBB6B71486'",0.50,0.00
"X'FA62FC31F61111EE8F82D92941CC39B9'","X'0902BDF3468640E2B3B1A181C1E51792'","X'7F4746DF0A7041C1B72BC3FDF3B69F9A'","X'9CD2D9F7B6B746B6948B66EBB6B71486'",0.50,0.00
"X'FA62FD2DF61111EE8F82D92941CC39B9'","X'0902BDF3468640E2B3B1A181C1E51792'","X'1B9D1CC8B6A54CD7AEB11C961B9300BB'","X'C3122318A52B4221B00942A1AECBC657'",0.50,0.00
"X'FA62FDCBF61111EE8F82D92941CC39B9'","X'0902BDF3468640E2B3B1A181C1E51792'","X'AC2FB39A11DC4A7CB7831C5921A20E46'","X'C3122318A52B4221B00942A1AECBC657'",0.50,0.00
"X'FA62FE66F61111EE8F82D92941CC39B9'","X'0902BDF3468640E2B3B1A181C1E51792'","X'7F4746DF0A7041C1B72BC3FDF3B69F9A'","X'C3122318A52B4221B00942A1AECBC657'",0.50,0.00
"X'FA6358A3F61111EE8F82D92941CC39B9'","X'2EB98206C75A4A4E843D4417A3A713BE'","X'1B9D1CC8B6A54CD7AEB11C961B9300BB'","X'1A1BBFFC6FEF44E1BBB98DC0726C2018'",0.50,0.00
"X'FA635978F61111EE8F82D92941CC39B9'","X'2EB98206C75A4A4E843D4417A3A713BE'","X'AC2FB39A11DC4A7CB7831C5921A20E46'","X'1A1BBFFC6FEF44E1BBB98DC0726C2018'",0.50,0.00
"X'FA635A19F61111EE8F82D92941CC39B9'","X'2EB98206C75A4A4E843D4417A3A713BE'","X'7F4746DF0A7041C1B72BC3FDF3B69F9A'","X'1A1BBFFC6FEF44E1BBB98DC0726C2018'",0.50,0.00
"X'FA635B09F61111EE8F82D92941CC39B9'","X'2EB98206C75A4A4E843D4417A3A713BE'","X'1B9D1CC8B6A54CD7AEB11C961B9300BB'","X'417786202CD94EB89655C67365551278'",0.50,0.00
"X'FA635BA7F61111EE8F82D92941CC39B9'","X'2EB98206C75A4A4E843D4417A3A713BE'","X'AC2FB39A11DC4A7CB7831C5921A20E46'","X'417786202CD94EB89655C67365551278'",0.50,0.00
"X'FA635CCAF61111EE8F82D92941CC39B9'","X'2EB98206C75A4A4E843D4417A3A713BE'","X'7F4746DF0A7041C1B72BC3FDF3B69F9A'","X'417786202CD94EB89655C67365551278'",0.50,0.00
"X'FA635DA5F61111EE8F82D92941CC39B9'","X'2EB98206C75A4A4E843D4417A3A713BE'","X'1B9D1CC8B6A54CD7AEB11C961B9300BB'","X'8C2B51FD6B3A4D7A8FC2B0A071055062'",0.50,0.00
"X'FA635E44F61111EE8F82D92941CC39B9'","X'2EB98206C75A4A4E843D4417A3A713BE'","X'AC2FB39A11DC4A7CB7831C5921A20E46'","X'8C2B51FD6B3A4D7A8FC2B0A071055062'",0.50,0.00
"X'FA635EE0F61111EE8F82D92941CC39B9'","X'2EB98206C75A4A4E843D4417A3A713BE'","X'7F4746DF0A7041C1B72BC3FDF3B69F9A'","X'8C2B51FD6B3A4D7A8FC2B0A071055062'",0.50,0.00
"X'FA635FDBF61111EE8F82D92941CC39B9'","X'2EB98206C75A4A4E843D4417A3A713BE'","X'1B9D1CC8B6A54CD7AEB11C961B9300BB'","X'8EE7AE7D88B1405DA29123F10E8CDCAB'",0.50,0.00
"X'FA636078F61111EE8F82D92941CC39B9'","X'2EB98206C75A4A4E843D4417A3A713BE'","X'AC2FB39A11DC4A7CB7831C5921A20E46'","X'8EE7AE7D88B1405DA29123F10E8CDCAB'",0.50,0.00
"X'FA636114F61111EE8F82D92941CC39B9'","X'2EB98206C75A4A4E843D4417A3A713BE'","X'7F4746DF0A7041C1B72BC3FDF3B69F9A'","X'8EE7AE7D88B1405DA29123F10E8CDCAB'",0.50,0.00
"X'FA6361E6F61111EE8F82D92941CC39B9'","X'2EB98206C75A4A4E843D4417A3A713BE'","X'1B9D1CC8B6A54CD7AEB11C961B9300BB'","X'9CD2D9F7B6B746B6948B66EBB6B71486'",0.50,0.00
"X'FA636282F61111EE8F82D92941CC39B9'","X'2EB98206C75A4A4E843D4417A3A713BE'","X'AC2FB39A11DC4A7CB7831C5921A20E46'","X'9CD2D9F7B6B746B6948B66EBB6B71486'",0.50,0.00
"X'FA63631DF61111EE8F82D92941CC39B9'","X'2EB98206C75A4A4E843D4417A3A713BE'","X'7F4746DF0A7041C1B72BC3FDF3B69F9A'","X'9CD2D9F7B6B746B6948B66EBB6B71486'",0.50,0.00
"X'FA6363FEF61111EE8F82D92941CC39B9'","X'2EB98206C75A4A4E843D4417A3A713BE'","X'1B9D1CC8B6A54CD7AEB11C961B9300BB'","X'C3122318A52B4221B00942A1AECBC657'",0.50,0.00
"X'FA63649AF61111EE8F82D92941CC39B9'","X'2EB98206C75A4A4E843D4417A3A713BE'","X'AC2FB39A11DC4A7CB7831C5921A20E46'","X'C3122318A52B4221B00942A1AECBC657'",0.50,0.00
"X'FA636534F61111EE8F82D92941CC39B9'","X'2EB98206C75A4A4E843D4417A3A713BE'","X'7F4746DF0A7041C1B72BC3FDF3B69F9A'","X'C3122318A52B4221B00942A1AECBC657'",0.50,0.00
"X'FA639848F61111EE8F82D92941CC39B9'","X'19615372C715430B9B3CD260353DE91F'","X'7F4746DF0A7041C1B72BC3FDF3B69F9A'","X'1A1BBFFC6FEF44E1BBB98DC0726C2018'",0.57,-0.06
"X'FA639AD0F61111EE8F82D92941CC39B9'","X'19615372C715430B9B3CD260353DE91F'","X'7F4746DF0A7041C1B72BC3FDF3B69F9A'","X'417786202CD94EB89655C67365551278'",0.70,-0.26
"X'FA639D73F61111EE8F82D92941CC39B9'","X'19615372C715430B9B3CD260353DE91F'","X'7F4746DF0A7041C1B72BC3FDF3B69F9A'","X'8C2B51FD6B3A4D7A8FC2B0A071055062'",0.55,-0.23
"X'FA63A0E3F61111EE8F82D92941CC39B9'","X'19615372C715430B9B3CD260353DE91F'","X'7F4746DF0A7041C1B72BC3FDF3B69F9A'","X'8EE7AE7D88B1405DA29123F10E8CDCAB'",0.55,-0.23
"X'FA63A424F61111EE8F82D92941CC39B9'","X'19615372C715430B9B3CD260353DE91F'","X'7F4746DF0A7041C1B72BC3FDF3B69F9A'","X'9CD2D9F7B6B746B6948B66EBB6B71486'",0.57,-0.06
"X'FA63A6E0F61111EE8F82D92941CC39B9'","X'19615372C715430B9B3CD260353DE91F'","X'7F4746DF0A7041C1B72BC3FDF3B69F9A'","X'C3122318A52B4221B00942A1AECBC657'",0.70,-0.26
"X'FA63BB17F61111EE8F82D92941CC39B9'","X'78D85F444FB64F24A31945F2675109D2'","X'1B9D1CC8B6A54CD7AEB11C961B9300BB'","X'1A1BBFFC6FEF44E1BBB98DC0726C2018'",0.55,-0.34
"X'FA63BBE4F61111EE8F82D92941CC39B9'","X'78D85F444FB64F24A31945F2675109D2'","X'AC2FB39A11DC4A7CB7831C5921A20E46'","X'1A1BBFFC6FEF44E1BBB98DC0726C2018'",0.50,0.00
"X'FA63BC82F61111EE8F82D92941CC39B9'","X'78D85F444FB64F24A31945F2675109D2'","X'7F4746DF0A7041C1B72BC3FDF3B69F9A'","X'1A1BBFFC6FEF44E1BBB98DC0726C2018'",0.85,-0.30
"X'FA63BD71F61111EE8F82D92941CC39B9'","X'78D85F444FB64F24A31945F2675109D2'","X'1B9D1CC8B6A54CD7AEB11C961B9300BB'","X'417786202CD94EB89655C67365551278'",0.50,0.00
"X'FA63BE0EF61111EE8F82D92941CC39B9'","X'78D85F444FB64F24A31945F2675109D2'","X'AC2FB39A11DC4A7CB7831C5921A20E46'","X'417786202CD94EB89655C67365551278'",0.65,-0.26
"X'FA63BEADF61111EE8F82D92941CC39B9'","X'78D85F444FB64F24A31945F2675109D2'","X'7F4746DF0A7041C1B72BC3FDF3B69F9A'","X'417786202CD94EB89655C67365551278'",0.50,0.00
"X'FA63BFAAF61111EE8F82D92941CC39B9'","X'78D85F444FB64F24A31945F2675109D2'","X'1B9D1CC8B6A54CD7AEB11C961B9300BB'","X'8C2B51FD6B3A4D7A8FC2B0A071055062'",0.55,-0.34
"X'FA63C047F61111EE8F82D92941CC39B9'","X'78D85F444FB64F24A31945F2675109D2'","X'AC2FB39A11DC4A7CB7831C5921A20E46'","X'8C2B51FD6B3A4D7A8FC2B0A071055062'",0.80,-0.26
"X'FA63C0E3F61111EE8F82D92941CC39B9'","X'78D85F444FB64F24A31945F2675109D2'","X'7F4746DF0A7041C1B72BC3FDF3B69F9A'","X'8C2B51FD6B3A4D7A8FC2B0A071055062'",0.80,-0.30
"X'FA63C1B5F61111EE8F82D92941CC39B9'","X'78D85F444FB64F24A31945F2675109D2'","X'1B9D1CC8B6A54CD7AEB11C961B9300BB'","X'8EE7AE7D88B1405DA29123F10E8CDCAB'",0.50,-0.34
"X'FA63C251F61111EE8F82D92941CC39B9'","X'78D85F444FB64F24A31945F2675109D2'","X'AC2FB39A11DC4A7CB7831C5921A20E46'","X'8EE7AE7D88B1405DA29123F10E8CDCAB'",0.65,-0.26
"X'FA63C2ECF61111EE8F82D92941CC39B9'","X'78D85F444FB64F24A31945F2675109D2'","X'7F4746DF0A7041C1B72BC3FDF3B69F9A'","X'8EE7AE7D88B1405DA29123F10E8CDCAB'",0.50,0.00
"X'FA63C3CCF61111EE8F82D92941CC39B9'","X'78D85F444FB64F24A31945F2675109D2'","X'1B9D1CC8B6A54CD7AEB11C961B9300BB'","X'9CD2D9F7B6B746B6948B66EBB6B71486'",0.55,-0.34
"X'FA63C469F61111EE8F82D92941CC39B9'","X'78D85F444FB64F24A31945F2675109D2'","X'AC2FB39A11DC4A7CB7831C5921A20E46'","X'9CD2D9F7B6B746B6948B66EBB6B71486'",0.57,-0.11
"X'FA63C504F61111EE8F82D92941CC39B9'","X'78D85F444FB64F24A31945F2675109D2'","X'7F4746DF0A7041C1B72BC3FDF3B69F9A'","X'9CD2D9F7B6B746B6948B66EBB6B71486'",0.80,-0.30
"X'FA63C5B9F61111EE8F82D92941CC39B9'","X'78D85F444FB64F24A31945F2675109D2'","X'1B9D1CC8B6A54CD7AEB11C961B9300BB'","X'C3122318A52B4221B00942A1AECBC657'",0.50,-0.34
"X'FA63C655F61111EE8F82D92941CC39B9'","X'78D85F444FB64F24A31945F2675109D2'","X'AC2FB39A11DC4A7CB7831C5921A20E46'","X'C3122318A52B4221B00942A1AECBC657'",0.50,-0.25
"X'FA63C6F1F61111EE8F82D92941CC39B9'","X'78D85F444FB64F24A31945F2675109D2'","X'7F4746DF0A7041C1B72BC3FDF3B69F9A'","X'C3122318A52B4221B00942A1AECBC657'",0.55,-0.30
"X'FA63C7CEF61111EE8F82D92941CC39B9'","X'97C31825132040B4B59F025839450E77'","X'1B9D1CC8B6A54CD7AEB11C961B9300BB'","X'1A1BBFFC6FEF44E1BBB98DC0726C2018'",0.55,-0.18
"X'FA63C86DF61111EE8F82D92941CC39B9'","X'97C31825132040B4B59F025839450E77'","X'AC2FB39A11DC4A7CB7831C5921A20E46'","X'1A1BBFFC6FEF44E1BBB98DC0726C2018'",0.50,0.00
"X'FA63C908F61111EE8F82D92941CC39B9'","X'97C31825132040B4B59F025839450E77'","X'7F4746DF0A7041C1B72BC3FDF3B69F9A'","X'1A1BBFFC6FEF44E1BBB98DC0726C2018'",1.66,-0.13
"X'FA63CA02F61111EE8F82D92941CC39B9'","X'97C31825132040B4B59F025839450E77'","X'1B9D1CC8B6A54CD7AEB11C961B9300BB'","X'417786202CD94EB89655C67365551278'",0.50,0.00
"X'FA63CA9EF61111EE8F82D92941CC39B9'","X'97C31825132040B4B59F025839450E77'","X'AC2FB39A11DC4A7CB7831C5921A20E46'","X'417786202CD94EB89655C67365551278'",0.46,-0.10
"X'FA63CB38F61111EE8F82D92941CC39B9'","X'97C31825132040B4B59F025839450E77'","X'7F4746DF0A7041C1B72BC3FDF3B69F9A'","X'417786202CD94EB89655C67365551278'",0.95,-0.23
"X'FA63CBFAF61111EE8F82D92941CC39B9'","X'97C31825132040B4B59F025839450E77'","X'1B9D1CC8B6A54CD7AEB11C961B9300BB'","X'8C2B51FD6B3A4D7A8FC2B0A071055062'",0.27,0.05
"X'FA63CC95F61111EE8F82D92941CC39B9'","X'97C31825132040B4B59F025839450E77'","X'AC2FB39A11DC4A7CB7831C5921A20E46'","X'8C2B51FD6B3A4D7A8FC2B0A071055062'",0.46,-0.10
"X'FA63CD2EF61111EE8F82D92941CC39B9'","X'97C31825132040B4B59F025839450E77'","X'7F4746DF0A7041C1B72BC3FDF3B69F9A'","X'8C2B51FD6B3A4D7A8FC2B0A071055062'",0.71,-0.08
"X'FA63CDE2F61111EE8F82D92941CC39B9'","X'97C31825132040B4B59F025839450E77'","X'1B9D1CC8B6A54CD7AEB11C961B9300BB'","X'8EE7AE7D88B1405DA29123F10E8CDCAB'",0.55,-0.18
"X'FA63CE7EF61111EE8F82D92941CC39B9'","X'97C31825132040B4B59F025839450E77'","X'AC2FB39A11DC4A7CB7831C5921A20E46'","X'8EE7AE7D88B1405DA29123F10E8CDCAB'",1.68,-1.45
"X'FA63CF17F61111EE8F82D92941CC39B9'","X'97C31825132040B4B59F025839450E77'","X'7F4746DF0A7041C1B72BC3FDF3B69F9A'","X'8EE7AE7D88B1405DA29123F10E8CDCAB'",0.52,0.05
"X'FA63D004F61111EE8F82D92941CC39B9'","X'97C31825132040B4B59F025839450E77'","X'1B9D1CC8B6A54CD7AEB11C961B9300BB'","X'9CD2D9F7B6B746B6948B66EBB6B71486'",0.65,-0.18
"X'FA63D09FF61111EE8F82D92941CC39B9'","X'97C31825132040B4B59F025839450E77'","X'AC2FB39A11DC4A7CB7831C5921A20E46'","X'9CD2D9F7B6B746B6948B66EBB6B71486'",1.47,-0.10
"X'FA63D13AF61111EE8F82D92941CC39B9'","X'97C31825132040B4B59F025839450E77'","X'7F4746DF0A7041C1B72BC3FDF3B69F9A'","X'9CD2D9F7B6B746B6948B66EBB6B71486'",0.65,0.01
"X'FA63D26AF61111EE8F82D92941CC39B9'","X'97C31825132040B4B59F025839450E77'","X'1B9D1CC8B6A54CD7AEB11C961B9300BB'","X'C3122318A52B4221B00942A1AECBC657'",0.34,-0.36
"X'FA63D30CF61111EE8F82D92941CC39B9'","X'97C31825132040B4B59F025839450E77'","X'AC2FB39A11DC4A7CB7831C5921A20E46'","X'C3122318A52B4221B00942A1AECBC657'",0.46,-0.10
"X'FA63D3A7F61111EE8F82D92941CC39B9'","X'97C31825132040B4B59F025839450E77'","X'7F4746DF0A7041C1B72BC3FDF3B69F9A'","X'C3122318A52B4221B00942A1AECBC657'",0.90,-0.40
"X'FA6409EFF61111EE8F82D92941CC39B9'","X'EFA10A4B89744AA19AD9F05579B64C1E'","X'1B9D1CC8B6A54CD7AEB11C961B9300BB'","X'1A1BBFFC6FEF44E1BBB98DC0726C2018'",0.50,0.00
"X'FA640AB3F61111EE8F82D92941CC39B9'","X'EFA10A4B89744AA19AD9F05579B64C1E'","X'AC2FB39A11DC4A7CB7831C5921A20E46'","X'1A1BBFFC6FEF44E1BBB98DC0726C2018'",0.50,0.00
"X'FA640B52F61111EE8F82D92941CC39B9'","X'EFA10A4B89744AA19AD9F05579B64C1E'","X'7F4746DF0A7041C1B72BC3FDF3B69F9A'","X'1A1BBFFC6FEF44E1BBB98DC0726C2018'",0.50,0.00
"X'FA640C4EF61111EE8F82D92941CC39B9'","X'EFA10A4B89744AA19AD9F05579B64C1E'","X'1B9D1CC8B6A54CD7AEB11C961B9300BB'","X'417786202CD94EB89655C67365551278'",0.50,0.00
"X'FA640CEBF61111EE8F82D92941CC39B9'","X'EFA10A4B89744AA19AD9F05579B64C1E'","X'AC2FB39A11DC4A7CB7831C5921A20E46'","X'417786202CD94EB89655C67365551278'",0.50,0.00
"X'FA640D87F61111EE8F82D92941CC39B9'","X'EFA10A4B89744AA19AD9F05579B64C1E'","X'7F4746DF0A7041C1B72BC3FDF3B69F9A'","X'417786202CD94EB89655C67365551278'",0.50,0.00
"X'FA640E58F61111EE8F82D92941CC39B9'","X'EFA10A4B89744AA19AD9F05579B64C1E'","X'1B9D1CC8B6A54CD7AEB11C961B9300BB'","X'8C2B51FD6B3A4D7A8FC2B0A071055062'",0.50,0.00
"X'FA640EF5F61111EE8F82D92941CC39B9'","X'EFA10A4B89744AA19AD9F05579B64C1E'","X'AC2FB39A11DC4A7CB7831C5921A20E46'","X'8C2B51FD6B3A4D7A8FC2B0A071055062'",0.50,0.00
"X'FA640F90F61111EE8F82D92941CC39B9'","X'EFA10A4B89744AA19AD9F05579B64C1E'","X'7F4746DF0A7041C1B72BC3FDF3B69F9A'","X'8C2B51FD6B3A4D7A8FC2B0A071055062'",0.50,0.00
"X'FA64107DF61111EE8F82D92941CC39B9'","X'EFA10A4B89744AA19AD9F05579B64C1E'","X'1B9D1CC8B6A54CD7AEB11C961B9300BB'","X'8EE7AE7D88B1405DA29123F10E8CDCAB'",0.50,0.00
"X'FA64111AF61111EE8F82D92941CC39B9'","X'EFA10A4B89744AA19AD9F05579B64C1E'","X'AC2FB39A11DC4A7CB7831C5921A20E46'","X'8EE7AE7D88B1405DA29123F10E8CDCAB'",0.50,0.00
"X'FA6411B5F61111EE8F82D92941CC39B9'","X'EFA10A4B89744AA19AD9F05579B64C1E'","X'7F4746DF0A7041C1B72BC3FDF3B69F9A'","X'8EE7AE7D88B1405DA29123F10E8CDCAB'",0.50,0.00
"X'FA641295F61111EE8F82D92941CC39B9'","X'EFA10A4B89744AA19AD9F05579B64C1E'","X'1B9D1CC8B6A54CD7AEB11C961B9300BB'","X'9CD2D9F7B6B746B6948B66EBB6B71486'",0.50,0.00
"X'FA641331F61111EE8F82D92941CC39B9'","X'EFA10A4B89744AA19AD9F05579B64C1E'","X'AC2FB39A11DC4A7CB7831C5921A20E46'","X'9CD2D9F7B6B746B6948B66EBB6B71486'",0.50,0.00
"X'FA6413CBF61111EE8F82D92941CC39B9'","X'EFA10A4B89744AA19AD9F05579B64C1E'","X'7F4746DF0A7041C1B72BC3FDF3B69F9A'","X'9CD2D9F7B6B746B6948B66EBB6B71486'",0.50,0.00
"X'FA64147FF61111EE8F82D92941CC39B9'","X'EFA10A4B89744AA19AD9F05579B64C1E'","X'1B9D1CC8B6A54CD7AEB11C961B9300BB'","X'C3122318A52B4221B00942A1AECBC657'",0.50,0.00
"X'FA64151BF61111EE8F82D92941CC39B9'","X'EFA10A4B89744AA19AD9F05579B64C1E'","X'AC2FB39A11DC4A7CB7831C5921A20E46'","X'C3122318A52B4221B00942A1AECBC657'",0.50,0.00
"X'FA6415B5F61111EE8F82D92941CC39B9'","X'EFA10A4B89744AA19AD9F05579B64C1E'","X'7F4746DF0A7041C1B72BC3FDF3B69F9A'","X'C3122318A52B4221B00942A1AECBC657'",0.50,0.00
"X'FA836CF13DC54F62A8D11CBEB906E6CA'","X'0902BDF3468640E2B3B1A181C1E51792'","X'E990EEBA5D434251A2CED1C43C294048'","X'9CD2D9F7B6B746B6948B66EBB6B71486'",0.50,0.00
"X'FC65BA4375354A90A4D2C31442DBBFD8'","X'328332C46ECD4500B725AF6162DFFBCE'","X'AC2FB39A11DC4A7CB7831C5921A20E46'","X'417786202CD94EB89655C67365551278'",0.50,0.00
"X'FCD840E5B969446AA0650C3362986E02'","X'03F7799D5D5A4179B5434270C4C78CCD'","X'AC2FB39A11DC4A7CB7831C5921A20E46'","X'8C2B51FD6B3A4D7A8FC2B0A071055062'",0.50,0.00
"X'FE490B3A1F89495EBF1B3424FCE447C0'","X'704B04D1CBAD4AC883C7D5FB514123F9'","X'E990EEBA5D434251A2CED1C43C294048'","X'8C2B51FD6B3A4D7A8FC2B0A071055062'",0.60,0.00
"X'FE6876B7C70148FF8238E0F70474784C'","X'B8F77824BF6A429DA4AD1A580BB30D49'","X'1B9D1CC8B6A54CD7AEB11C961B9300BB'","X'8EE7AE7D88B1405DA29123F10E8CDCAB'",0.46,0.00