-- phpMyAdmin SQL Dump
-- version 5.2.1
-- https://www.phpmyadmin.net/
--
-- Host: honours-mysql
-- Generation Time: Mar 25, 2024 at 04:21 PM
-- Server version: 8.0.36
-- PHP Version: 8.2.17

SET SQL_MODE = "NO_AUTO_VALUE_ON_ZERO";
START TRANSACTION;
SET time_zone = "+00:00";


/*!40101 SET @OLD_CHARACTER_SET_CLIENT=@@CHARACTER_SET_CLIENT */;
/*!40101 SET @OLD_CHARACTER_SET_RESULTS=@@CHARACTER_SET_RESULTS */;
/*!40101 SET @OLD_COLLATION_CONNECTION=@@COLLATION_CONNECTION */;
/*!40101 SET NAMES utf8mb4 */;

--
-- Database: `honoursDatabase`
--

-- --------------------------------------------------------

--
-- Table structure for table `answer`
--

CREATE TABLE `answer` (
  `answerID` binary(16) NOT NULL,
  `questionID` binary(16) NOT NULL,
  `answerDescription` text NOT NULL,
  `answerExplanation` text NOT NULL,
  `isCorrect` tinyint(1) NOT NULL
) ENGINE=InnoDB DEFAULT CHARSET=utf8mb4 COLLATE=utf8mb4_0900_ai_ci;

--
-- Dumping data for table `answer`
--

INSERT INTO `answer` (`answerID`, `questionID`, `answerDescription`, `answerExplanation`, `isCorrect`) VALUES
(0x01caa2d5a65844e6a43680bff2d0f287, 0x131bb395aeea4eb4b400d7c12b153f6d, 'The output will be 4.', 'This is incorrect because the function returns 1 when n == 0.', 0),
(0x01efaab197224910acbf695bdf95e01b, 0xa9280676f6ff472bae9905f0fbf4ec94, 'racecar', 'This is incorrect because it doesn\'t match the actual output of the function call.', 0),
(0x02a20b8f393a4a5ea7a312959ab28ea9, 0x37a0fc27f4b945bca436755e149324c1, '6', 'The function computes the factorial of 3, which equals 6.', 1),
(0x02c21a42e43144178df2e79eca557e4a, 0x8f08cba1e4944aa085f430f346d278f8, 'O(n^2)', 'This is incorrect because the time complexity is not quadratic.', 0),
(0x03763102a3784164a0581d10a8e87bc5, 0x0bb7a32e166448f4abb2229911929755, 'The given code correctly implements a recursive method to find the maximum element in an integer array.', 'The given code correctly implements a recursive method to find the maximum element in an integer array by calling itself recursively with an incremented index.', 1),
(0x03d7327a459c4f81957ec82a76709b75, 0x3e3eddec7f0044549cd5c1e5705b3e72, 'The base case is when the length of the string is exactly 1.', 'This is incorrect because the base case also includes empty strings.', 0),
(0x0451038445974fc6ac6180e700119e46, 0x728a5deeb211462c949231af09011f72, 'The provided code does not handle empty input.', 'This is incorrect because the provided code handles the base case correctly.', 0),
(0x054272fdbf6545a1a014858dcadfc627, 0xde881f531a5b40de939a17d92957141e, 'O(2^n)', 'The provided code exhibits exponential time complexity as it recursively calls itself twice for each input until reaching the base case.', 1),
(0x066c51526aef4c00924dea671cb3bbeb, 0xac8810224e764f5fbe58bf676f810a09, 'It handles exceptions thrown by the recursive function.', 'This is not correct because the stack\'s primary role is not handling exceptions but managing function calls and local variables.', 0),
(0x06e7a44d1e244ec98859b6a38f82d8ba, 0x5f5a17d32c0743aaa280267c513816a7, 'A function repeats a set of instructions for a specified number of times.', 'This is incorrect. Recursion is not about repeating a set of instructions a specified number of times.', 0),
(0x07058e58c80e4b73ae8eb52e7267fc22, 0xa719da482b97463094299cf2209c8b62, 'The given code correctly implements a recursive function to find the GCD of two integers.', 'The given code correctly implements a recursive function to find the GCD of two integers using Euclid\'s algorithm.', 1),
(0x07614f2720e145a2ba6ba30ab7cde77e, 0x511c37dea50d40f880b4e6e7596f2d38, '24', 'This is incorrect because it doesn\'t match the actual output of the function call.', 0),
(0x0771c0aca0464695afe3da63e4aa5d1f, 0x5072c82d65fd459c90c2c110285ee6b8, '13', 'This is incorrect because it doesn\'t match the actual output of the function call.', 0),
(0x077e8a84556f4169acfa7a4bc4f774a5, 0x131bb395aeea4eb4b400d7c12b153f6d, 'The output will be 2.', 'This is incorrect because the function returns 1 when n == 0.', 0),
(0x093e8dda013e4bffac1b4fb92e240f4f, 0xf5fefc5282cc4e789a173aaa5c7176a1, 'O(n^2)', 'This is incorrect because the time complexity is not quadratic.', 0),
(0x094dad4eb09c4882b6e171c66f63da48, 0xb73a8b9553fa4feeb67985f14554fffc, 'The given code contains compilation errors.', 'This is not correct because the given code is free of compilation errors.', 0),
(0x0a3cdb1cebf541df9b0fa1965a9fee4f, 0xedbde11b4ed84cbe8c01f8376f946bf2, 'To reduce the memory usage of the function.', 'This is incorrect. The base case does not directly affect the memory usage of the function.', 0),
(0x0a60d9431a384f93b590da62a0452792, 0x4a88d19b54cd42489eac2ead4c682f17, 'O(2^n)', 'The given recursive function is the Fibonacci sequence algorithm using recursion. Its time complexity is exponential, O(2^n), because each function call results in two more calls.', 1),
(0x0a8557990d2e4a8aad06320b7ecfe739, 0x33daf0b5fba74afe98e2f1346768e42a, 'A function calls itself until a base condition is met.', 'Recursion involves a function calling itself until a base condition is met.', 1),
(0x0ab5c652167146afa478505b4b1375be, 0x879d5a4626fe4369976d3551815d85c6, 'The given code contains syntax errors.', 'This is not correct because the given code is syntactically correct.', 0),
(0x0abf8711cda24201b8da1ae594a82fde, 0xad971f97ed1b4510b66b25c4c2234411, 'The output will be 15.', 'The function calculates the factorial of odd numbers. So, calling mystery(5) will result in 15.', 1),
(0x0adca7c4a65041b18ca249ca8e7fde69, 0xe9d53199fd1e41b392489c597254086e, 'The number of recursive calls is exponential in the input size n.', 'This is incorrect because the number of recursive calls is not exponential.', 0),
(0x0af690c4d3c14bc09c3d03a5fe70d0a8, 0x4f2ed2b0468042c988abf8ca49a8a8a5, 'O(log n)', 'This is incorrect because the space complexity is not logarithmic.', 0),
(0x0d45a38fee6e4b399099e1d40560626a, 0x162ec512c41843dc92686c2ec2f63e48, '24', 'This is incorrect because it doesn\'t match the actual output of the function call.', 0),
(0x0fb2782662c647b183821aa500020578, 0x37a0fc27f4b945bca436755e149324c1, '3', 'This is incorrect because it doesn\'t match the actual output of the function call.', 0),
(0x10ada25853f74fdcbd9dcb69dbfdc65f, 0x1973d7c3169d4d74904b6b85a0d6f1fe, 'The provided code contains syntax errors.', 'This is incorrect because the provided code is syntactically correct.', 0),
(0x116707b6528d4416a216338a6afb6667, 0xeb7910bfbe20458a8c6188da301d72af, 'The purpose is to compute the factorial of a given number.', 'This is incorrect because the function is not related to calculating factorials.', 0),
(0x11e5f6587a1a420f8e760bbf316fb0ad, 0x24b23912b61243ebb01ab6ca50eea551, 'O(1)', 'This is incorrect because the time complexity is not constant.', 0),
(0x11e9608743c7497898daa2f21be5d5dc, 0x825531acb955492385b0d5efb47c2691, 'The value of x will be 5.', 'This is incorrect because the function calculates the sum of integers from 1 to n, not just n itself.', 0),
(0x1247fdfa86dc419e82ea2a55f57a3dc9, 0xbc0abe916c18462b837ecf28fa046ce5, 'The given code implements an iterative solution.', 'This is not correct because the given code implements a recursive solution, not an iterative one.', 0),
(0x125f879ed09b48e5a9f54ad9aeaba9f9, 0x37125837cc1d40e9adeb5c1bdef99b05, 'The function does not have a base case.', 'This is incorrect. Tail recursion still requires a base case.', 0),
(0x1273dc520ba64c60a4a2405f6463cf65, 0x1155b603fb6c444692fe4e2e393af061, 'O(2^n)', 'The function implements the Fibonacci sequence using recursion, resulting in exponential time complexity O(2^n).', 1),
(0x12e48ccd77fe41a69523ec13d37c33d9, 0xf5fefc5282cc4e789a173aaa5c7176a1, 'O(n)', 'The worst-case time complexity of the provided code is linear, as it iterates through half of the characters in the string to check for palindromicity.', 1),
(0x1308a15ba6a84d858d9c1826941a73ed, 0xe60c17fd98bb48068f8862b437bef6f1, 'The purpose is to calculate the factorial of a given integer.', 'This is incorrect because the function is not related to calculating factorials.', 0),
(0x131f4378de9f485a9897d052c6b140e9, 0xbc0abe916c18462b837ecf28fa046ce5, 'The given code correctly implements a recursive function to calculate the sum of digits of a positive integer.', 'The given code correctly implements a recursive function to calculate the sum of digits of a positive integer by recursively adding the last digit.', 1),
(0x13351eb85a82414fb1c36d273b7eb80d, 0xf6a23487296a4c48a1076c3e58a97811, 'The provided code contains logical errors.', 'This is incorrect because the provided code is logically correct.', 0),
(0x13b8a468b51f49a49da1c880d41e17ba, 0x15de8bde346d4d94bddc14f22aeda301, 'The given code correctly implements a recursive method to calculate the nth term of the Fibonacci sequence.', 'The given code correctly implements a recursive method to calculate the nth term of the Fibonacci sequence by calling itself with smaller arguments.', 1),
(0x13cdda9437344922b0795863f36bffee, 0x20664ad5fbc947a08f078ba91df431ae, 'O(log n)', 'This is incorrect because the time complexity is not logarithmic.', 0),
(0x1490076ad9d640e88ef8ca19a1488c65, 0xf1c278ad1fe24f138aae7b67991ba5f9, 'The given code correctly implements a recursive function to reverse a string.', 'The given code correctly implements a recursive function to reverse a string by calling itself recursively with a substring.', 1),
(0x1694b67d0fe542b48dc5c91218800a12, 0x222407e7d5cd42a0b5949ae8b5648a96, 'The given code does not check for palindromes.', 'This is not correct because the given code indeed checks for palindromes.', 0),
(0x16a0f92ecccb489fafcd26a78cdbfa2a, 0x20955d041cc540e3b78b0a044c7e5833, 'The given code correctly implements a recursive function to calculate the number of trailing zeroes in the factorial of a positive integer.', 'The given code correctly implements a recursive function to calculate the number of trailing zeroes in the factorial of a positive integer using the concept of prime factorization.', 1),
(0x177f431f1932466fa85e25a893e6a69c, 0x81a9f671999f4aef9dcb404f088f7130, 'Finding the maximum element in an array using a loop.', 'This is not correct because finding the maximum element in an array using a loop is an example of an iterative approach.', 0),
(0x18710926b2ee4cd7a3db7b7704ce4956, 0x37a0fc27f4b945bca436755e149324c1, '12', 'This is incorrect because it doesn\'t match the actual output of the function call.', 0),
(0x1914507a9ae04059befa0524a1bfb643, 0x0bae80cafee543e2981e9ef250dca80e, 'The output will be 2.', 'This is incorrect because the function returns 1 when n == 0.', 0),
(0x1951d52ad11643668b912deb7ef227a9, 0x2f292a64385e4975bf436a728b1d9648, 'By executing loops iteratively.', 'This is not correct because recursion is distinct from iterative looping constructs.', 0),
(0x1a94615ba6e940c4823ff7ecb5665340, 0xef8fecd8fcac42c99b664f8504db4b3c, 'The provided code does not handle empty sets.', 'This is incorrect because the provided code handles empty set correctly.', 0),
(0x1aefd544115949709021aff711240ee0, 0xac8810224e764f5fbe58bf676f810a09, 'It stores the base case.', 'This is not correct because the stack does not store the base case; it\'s the structure that facilitates function call sequencing.', 0),
(0x1aff34a2634b4345acb97f3e68b2304d, 0x2f292a64385e4975bf436a728b1d9648, 'By ignoring the base case.', 'This is not correct because ignoring the base case would lead to incorrect results or infinite recursion.', 0),
(0x1b2ac19aed2a4c9aa28309518c5f22a8, 0xb6ee6a9031bc483c8982c016d05e8cb7, 'The function will return -1 for negative input values.', 'This is incorrect because the function returns 1, not -1, for negative input values.', 0),
(0x1b81eba64448423cbdcd3bab668845f7, 0x162ec512c41843dc92686c2ec2f63e48, '5040', 'This is incorrect because it doesn\'t match the actual output of the function call.', 0),
(0x1c9cc70807824aa387b294851c2f7acc, 0xde881f531a5b40de939a17d92957141e, 'O(n)', 'This is incorrect because the time complexity of the provided code is exponential.', 0),
(0x1d4cb851d3ab4af59ddc07dcf71a25b9, 0x4f4903c02f3e4741923af4c67e32422c, 'Tail recursion always leads to stack overflow.', 'This is not correct because tail recursion does not always lead to stack overflow.', 0),
(0x1e3173f78ab64fdd8b8b2f7299672eac, 0x511c37dea50d40f880b4e6e7596f2d38, '12', 'This is incorrect because it doesn\'t match the actual output of the function call.', 0),
(0x1e61ddeae8d64a2295b57a16036e9a48, 0x1973d7c3169d4d74904b6b85a0d6f1fe, 'The provided code will result in a stack overflow for large inputs.', 'This is incorrect because the provided code is tail-recursive and won\'t result in a stack overflow for large inputs.', 0),
(0x1e6878ededc84635a819077d434182d0, 0x51dfd6acc98349cbab04bcb2e768d0a1, 'It leads to memory leaks.', 'This is not correct because infinite recursion itself does not lead to memory leaks; it\'s rather a resource exhaustion issue.', 0),
(0x1ebd74b0274245e4a23f96d545199613, 0xb73a8b9553fa4feeb67985f14554fffc, 'The given code does not find the nth term.', 'This is not correct because the given code indeed finds the nth term.', 0),
(0x1ee90185758844e48822a3269136d2b0, 0x47fd5ed990cb457fbb893b0731e09198, 'n <= 0', 'This is incorrect. The base case is when n equals 0, not when n is less than or equal to 0.', 0),
(0x1f288f7791a34de4aceb15fe07155b47, 0xac56dccca6cd492b9688dc53d46832f7, 'They must have a base case to terminate.', 'Recursive functions must have a base case to terminate, otherwise, they may result in infinite recursion.', 1),
(0x1f385ee118cd42bcbd2d7adfe8491c99, 0xee7b0682f7004473a9b0d7a597363158, 'racecar', 'This is incorrect because it doesn\'t match the actual output of the function call.', 0),
(0x2080f470c37144adb7231ea268cb2e78, 0x0bb7a32e166448f4abb2229911929755, 'The given code implements an iterative solution.', 'This is not correct because the given code implements a recursive solution, not an iterative one.', 0),
(0x20b314144b044aeaae703e7475f60761, 0x9c3e2f1cddf047a3a8609c86d07fa9a1, 'The output will be \'hello\'.', 'This is incorrect because the function recursively reverses the string \'s\'.', 0),
(0x2107aa6762154ababd5ee9d43896b6cc, 0x825531acb955492385b0d5efb47c2691, 'The value of x will be 15.', 'The function calculates the sum of integers from 1 to n recursively. So, the value of x after calling mystery(5) will be 15.', 1),
(0x21172ce277fe48f68029132708ae205d, 0x2a2c82240bd14eaaade1d84137e07602, 'The provided code does not handle empty arrays.', 'This is incorrect because the provided code handles negative index correctly.', 0),
(0x2309db6be4444083b6a65fd416edfdb2, 0x6635c77935a04026af29d31ab156b9c4, 'Risk of stack overflow for large inputs.', 'A potential downside of using recursion is the risk of stack overflow for large inputs due to excessive function calls.', 1),
(0x237c704bbffa4be0bf10c69ec33774a5, 0x4f4903c02f3e4741923af4c67e32422c, 'The recursive call is the first operation in the function.', 'This is not correct because tail recursion involves the recursive call being the last operation, not the first.', 0),
(0x2490f79c62bc40adb5f0c23dae7bfc07, 0xd8bfc1e0f4b64568b2a698d898e34b78, 'To initialize variables.', 'This is not correct because the base case is not primarily for variable initialization.', 0),
(0x2497c4835f4a409a94688e96b131edb6, 0x1973d7c3169d4d74904b6b85a0d6f1fe, 'The provided code does not handle negative numbers.', 'This is incorrect because the provided code handles 0 correctly.', 0),
(0x24ad32461705480fb0e903b3f08d69ae, 0xedbde11b4ed84cbe8c01f8376f946bf2, 'To provide a termination condition for the recursion.', 'The base case provides a termination condition for the recursion, ensuring that the function stops calling itself recursively.', 1),
(0x2605de4d4a9d45139c9c00f786d47cb8, 0xdab0e556ffe34063b3052b87910fc7a7, 'The provided code contains logical errors.', 'This is incorrect because the provided code is logically correct.', 0),
(0x264a434afa9248d18d8dff75752573cb, 0x6d664363ed7e45e5a0636897b0e163cc, 'O(n^2)', 'This is incorrect because the time complexity is not quadratic.', 0),
(0x26f27895a0c849dd82d71999b300aa68, 0x746f0568505f4a8d926ed466c167b9b3, 'The provided code contains logical errors.', 'This is incorrect because the provided code is logically correct.', 0),
(0x2766533024e0495994ff4abd3ea06efc, 0x825531acb955492385b0d5efb47c2691, 'The value of x will be 10.', 'This is incorrect because the value of x is the sum of integers from 1 to 5, which is 15.', 0),
(0x2786307040b8480ea35fb58c80ebf6a1, 0xad971f97ed1b4510b66b25c4c2234411, 'The output will be 0.', 'This is incorrect because the function calculates the factorial of odd numbers.', 0),
(0x28aef4881cdc445a947da8523637f802, 0xfeaabafa9c7f4525a24594d1e7651415, 'The provided code contains logical errors.', 'This is incorrect because the provided code is logically correct.', 0),
(0x29f845c4430044a4be4490772b19df9b, 0xf3232770df1146f8807ae9321695c78f, 'The provided code contains logical errors.', 'This is incorrect because the provided code is logically correct.', 0),
(0x2a24d60f1e05464d829bdb067ef2bb72, 0xa9026d798ad24e888e794db2be01f9eb, 'The output will be 0.', 'This is incorrect because the function calculates the factorial of a given number.', 0),
(0x2a3e62d6c446408b93769cd589888d3f, 0xd0d167c668744a6ea89940a26accd22f, 'The function calls itself with a modified input.', 'In the recursive step, the function calls itself with a modified input, moving towards the base case.', 1),
(0x2a7cdea108da441ab2cd4858b5922964, 0xef8fecd8fcac42c99b664f8504db4b3c, 'The provided code correctly generates all possible subsets of the given set.', 'The provided code correctly implements the subset generation function using recursion.', 1),
(0x2a9007dc928e438ab6f9cf296c74e4af, 0xd8bfc1e0f4b64568b2a698d898e34b78, 'To call other functions.', 'This is not correct because the base case is not meant for calling other functions.', 0),
(0x2aa1fc2ae717419082a56a105260ba95, 0x24b23912b61243ebb01ab6ca50eea551, 'O(n)', 'The time complexity of the provided code is linear, as the recursive function is called n times until reaching the base case.', 1),
(0x2af364685f114fde8d00c413ca5f922c, 0xf3232770df1146f8807ae9321695c78f, 'The provided code does not handle empty strings.', 'This is incorrect because the provided code handles the base case correctly.', 0),
(0x2bc9a21f90b1462494b8823db121cc95, 0x4f25b19ca2dc4908a46a161b1ffbc4c4, 'A function that returns a value.', 'This is not correct because recursion may or may not return a value.', 0),
(0x2c3b2508a37c40a7b7c65ca741cdb6a0, 0x0b31d20306b7440087aafbc6870262fe, '5', 'This is incorrect because it doesn\'t match the actual output of the function call.', 0),
(0x2ca5b88c0e854cf4bb815908e15deb30, 0x8cd10fafd0014cd1ad71dd73388e13ee, 'Manipulating strings.', 'This is not correct because recursion is not limited to string manipulation.', 0),
(0x2d05049e97dd46c7b07edd29e82be808, 0x9c0c211665b44037bac89af477845723, 'Stack', 'Stack is commonly used to implement recursion due to its Last In First Out (LIFO) nature.', 1),
(0x2d6d25da67ef45f0bf913a3ae1329fa5, 0xdab0e556ffe34063b3052b87910fc7a7, 'The provided code will result in a stack overflow for large inputs.', 'This is incorrect because the provided code is tail-recursive and won\'t result in a stack overflow for large inputs.', 0),
(0x2dfc55368f684875b51e87ef917d7fd7, 0x5071190121cb41c0b05f47271add5b48, 'The output will be 18.', 'This is incorrect because the function returns 0 for n <= 0.', 0),
(0x2e3d7010d504429a8d9d4e6b9938b373, 0xb3d2a504651543db9bdc003f409b48c1, 'The provided code correctly calculates the greatest common divisor (GCD) of two integers.', 'The provided code correctly implements the GCD calculation function using recursion.', 1),
(0x2f32fe9745b64e6086c42bb87a631d7e, 0xd85f61888eeb4894b5eb10960fc84407, 'O(n)', 'This is incorrect because the time complexity of the function is not linear.', 0),
(0x2f70aff879ff486abcfef4f4c26a9879, 0xe6c48e9c262c4ff18e27c20de4e95290, 'The provided code will result in a stack overflow for large arrays.', 'This is incorrect because the provided code is tail-recursive and won\'t result in a stack overflow for large inputs.', 0),
(0x2f9d059d4e584d55bafba547d08582d5, 0xde881f531a5b40de939a17d92957141e, 'O(n^2)', 'This is incorrect because the time complexity is not quadratic.', 0),
(0x2fb32083b76949f3ad5c8bd681288d4e, 0x295166a1b4d4446d9532dc44881e73c8, 'The given code implements an iterative solution.', 'This is not correct because the given code implements a recursive solution, not an iterative one.', 0),
(0x2fc4d96042cc419b94354557b957ed1a, 0x4a88d19b54cd42489eac2ead4c682f17, 'O(n^2)', 'This is incorrect because the time complexity is not quadratic; it\'s exponential.', 0),
(0x3066c811053143d7b2388dc2a267034c, 0x996cadb6193c4c21b59f8670fac998a7, 'The provided code does not handle empty arrays.', 'This is incorrect because the provided code handles negative index correctly.', 0),
(0x309136bae51840d98f6bb1eb2581f059, 0xa89308fde83c48f1aa6b214c55c1cad0, 'When the recursive function has multiple base cases.', 'This is not correct because tail recursion is not about having multiple base cases.', 0),
(0x30d4f69b6a204bf090f064ce5137b31a, 0x3e654a82a2e04785ac4212c17ff937fc, '3', 'This is incorrect because it doesn\'t match the actual output of the function call.', 0),
(0x30dd9ee6581b484e924f63bb72b1f785, 0xe97f86c5eceb48f9a2c7eb9344663b2e, 'The provided code will result in a stack overflow for large inputs.', 'This is incorrect because the provided code is tail-recursive and won\'t result in a stack overflow for large inputs.', 0),
(0x318505a7cad14b17bf64f41bc6def4b7, 0xf2fd67702fde438f9501dfcd50b8908f, 'It leads to a stack overflow error.', 'This is not correct because while infinite recursion is a risk, the immediate consequence is not necessarily a stack overflow error.', 0),
(0x31af930730e7493eb562e43f443c1492, 0xe60c17fd98bb48068f8862b437bef6f1, 'The purpose is to find the nth term of the Fibonacci sequence.', 'This is incorrect because the function is not related to finding Fibonacci numbers.', 0),
(0x3202aa3a7a994562891057a5a9ae4ce1, 0x54a077f4f1764a7f8b4e2f3b0dd857ec, 'The provided code does not handle empty strings.', 'This is incorrect because the provided code handles permutations correctly.', 0),
(0x3289319504ab44bf88b41ae650382228, 0x162ec512c41843dc92686c2ec2f63e48, '720', 'This is incorrect because it doesn\'t match the actual output of the function call.', 0),
(0x328b7f1d6fae47ae8ec6b070fc7d219d, 0x30e8f0ac4d0e4033bb6c287877297ddc, 'O(log n)', 'This is incorrect because the space complexity is not logarithmic.', 0),
(0x32ac56f607ef4081a1ddde78fc38ad23, 0x4f25b19ca2dc4908a46a161b1ffbc4c4, 'A function that calls itself in its definition.', 'Recursion is best described as a function that calls itself in its definition.', 1),
(0x3302c8102eec4d7f87d54d840156d462, 0xebebb4961ad748c29c3fa5eeb62edd11, 'The provided code will result in a stack overflow for large inputs.', 'This is incorrect because the provided code is tail-recursive and won\'t result in a stack overflow for large inputs.', 0),
(0x330e55384d6246bcb55fbb7c8f9f7cc5, 0xad971f97ed1b4510b66b25c4c2234411, 'The output will be 120.', 'This is incorrect because the function calculates the factorial of odd numbers.', 0),
(0x338da51052704596823e2d42bc1d28d7, 0xeb7910bfbe20458a8c6188da301d72af, 'The purpose is to sort an array in ascending order.', 'This is incorrect because the function is not related to sorting arrays.', 0),
(0x3440b5d134634d4f9c459d3d0b465196, 0x4f4903c02f3e4741923af4c67e32422c, 'Tail recursion requires multiple base cases.', 'This is not correct because tail recursion doesn\'t necessarily require multiple base cases.', 0),
(0x346a9a35a38348d8bad144dcf03f10c8, 0xa719da482b97463094299cf2209c8b62, 'The given code contains syntax errors.', 'This is not correct because the given code is syntactically correct.', 0),
(0x34f8f0dc47d44ffebb9adf4aa9cb35fb, 0x47fd5ed990cb457fbb893b0731e09198, 'n == 1', 'This is incorrect. The base case is when n equals 0, not 1.', 0),
(0x3518e9c6fcbe45d18f894acab2f5348f, 0x6d664363ed7e45e5a0636897b0e163cc, 'O(2^n)', 'This is incorrect because the time complexity is not exponential.', 0),
(0x35272ee817e34c21accb8dbec985729e, 0x3e3eddec7f0044549cd5c1e5705b3e72, 'The base case is when the string is empty.', 'This is incorrect because the base case includes strings of length 1 and empty strings.', 0),
(0x3754b87b5cdf4a06b8a4a8fb4d11b7fb, 0x0c985b45667d44d2aa1f28cbef8dc4e6, 'O(n)', 'The space complexity of the provided code is linear, as it requires additional memory proportional to the input size to store intermediate results in the call stack.', 1),
(0x37d626933a724514b31c7f3ba3b1ca03, 0xa89308fde83c48f1aa6b214c55c1cad0, 'When the recursive function uses a stack data structure.', 'This is not correct because the use of a stack data structure is not specific to tail recursion.', 0),
(0x384bb1f815e1409aa308de05544f9b97, 0x3e26798a4a664da8b5f1da74ea374bbd, 'It manages the iteration of the recursive function.', 'This is incorrect. The stack\'s role is not related to managing the iteration of the recursive function.', 0),
(0x386ae72f9bd24425b7eac17e9463c524, 0xb3fec63ef37545f4a6a9b5250f4cc040, '24', 'This is incorrect because it doesn\'t match the actual output of the function call.', 0),
(0x3a2489b27a9a4b0d97270582d33cac98, 0x5071190121cb41c0b05f47271add5b48, 'The output will be 27.', 'This is incorrect because the function returns 0 for n <= 0.', 0),
(0x3a968f2bb9a64f0c904549159d9ecb50, 0x25877d0fb5464a9dafa805caa1d7dc73, 'The provided code will result in a stack overflow for large strings.', 'This is incorrect because the provided code is tail-recursive and won\'t result in a stack overflow for large inputs.', 0),
(0x3b2346acd9b54efa9d1ac656e1a2b8f2, 0xd5470a9dcad148c4872a7f0089546a5e, 'O(log n)', 'This is incorrect because the time complexity is not logarithmic.', 0),
(0x3b437b784a384084a00e9e80dfadb728, 0x4a88d19b54cd42489eac2ead4c682f17, 'O(n)', 'This is incorrect because the time complexity is not linear; it\'s exponential.', 0),
(0x3cc1fcc2ac9649c8bce4769f9b6cd084, 0x195da52abcd743d7bbd59df6551e07f9, 'The provided code will result in a stack overflow for large inputs.', 'This is incorrect because the provided code is tail-recursive and won\'t result in a stack overflow for large inputs.', 0),
(0x3d4317ad97324504a30d5d67e88f9c05, 0x1fc7379b5233412794a88523b2b0f308, 'To initiate the recursion.', 'This is not correct because the base case doesn\'t initiate the recursion; it stops it.', 0),
(0x3dbded21ef164937accfe4f19487ed0c, 0xb018119cb1764fe2b452f916cf89231b, 'May lead to stack overflow for large inputs.', 'One typical drawback of recursion is that it may lead to stack overflow for large inputs.', 1),
(0x3e37331da0f84d529ca7e37497fc9f74, 0xdd3078b7d49d496b92877c7c58138fd0, 'O(n^2)', 'This is incorrect because the space complexity is not quadratic.', 0),
(0x3e6096f226304fd0b7dd0a19babc4ca5, 0xdd3078b7d49d496b92877c7c58138fd0, 'O(n)', 'The provided code utilizes O(n) space complexity due to the recursive function calls being stored in the call stack until reaching the base case.', 1),
(0x3f5d6c4b21814fc28312acd7141d3828, 0xfeb7c1f3f37e470b83c59e0bd4204e94, 'Using a single base case to handle all scenarios.', 'This is not correct because using a single base case for all scenarios is not part of \'divide and conquer\'.', 0),
(0x3f67f135b8bc48edb3d8a98b45f6f104, 0xb018119cb1764fe2b452f916cf89231b, 'Results in slower execution time.', 'This is not correct because recursion may sometimes result in faster execution time depending on the problem.', 0),
(0x40157f9fc77541a49d414dc33aca7206, 0xfd853a43dbc44cea8499a3347349f29c, 'Results in faster execution time.', 'This is not correct because recursion may sometimes result in slower execution time due to function call overhead.', 0),
(0x40a520b934bd4123b332f8aefa1d1f48, 0xac8810224e764f5fbe58bf676f810a09, 'It manages the sequence of function calls and their local variables.', 'The stack in recursive function calls manages the sequence of function calls and their local variables, allowing proper execution and return.', 1),
(0x40ffb2bcd74749f696b0ad52f98768d8, 0x547cc192d4be4ba897a1922acf5f41d6, 'The number of recursive calls is exponential in the input size n.', 'This is incorrect because the number of recursive calls is not exponential.', 0),
(0x4166bcec27564c16b0e62a4e5a15f039, 0x54a077f4f1764a7f8b4e2f3b0dd857ec, 'The provided code will result in a stack overflow for large inputs.', 'This is incorrect because the provided code is tail-recursive and won\'t result in a stack overflow for large inputs.', 0),
(0x429b3ab5414a4f18ad87be1a5ff28439, 0x67246234195543ccaf3379112bb31795, 'The provided code contains syntax errors.', 'This is incorrect because the provided code is logically correct.', 0),
(0x4461b227aed341cc9eac8ad653a547e8, 0x547cc192d4be4ba897a1922acf5f41d6, 'The number of recursive calls is logarithmic in the input size n.', 'The number of recursive calls made by the provided code is logarithmic in the input size n, as it reduces the problem size by approximately half with each recursive call.', 1),
(0x48249422b6214eb0bb50203c6c73200f, 0xd09fa6989e3948f8b0018191ecda847b, 'The output will be 720.', 'This is incorrect because the function calculates the factorial of the input.', 0),
(0x48fecd73432c4337891270369c675dc4, 0x162ec512c41843dc92686c2ec2f63e48, '120', 'The function computes the factorial of 5, which equals 120.', 1),
(0x49a09b26a57c4e7c87860f7e9dda90da, 0xebebb4961ad748c29c3fa5eeb62edd11, 'The provided code contains logical errors.', 'This is incorrect because the provided code is logically correct.', 0),
(0x4a0897379a094419bbcfffd4f9b2f4b2, 0x47fd5ed990cb457fbb893b0731e09198, 'n == 0', 'The base case of the factorial function is when n equals 0, as it returns 1.', 1),
(0x4a2c0724185d43878c7600dfc81e1da9, 0xf1c278ad1fe24f138aae7b67991ba5f9, 'The given code has logical flaws.', 'This is not correct because the given code is logically sound.', 0),
(0x4a66490236464a079cad37a064c3c698, 0x8cd10fafd0014cd1ad71dd73388e13ee, 'Creating user interfaces.', 'This is not correct because recursion is not typically used for creating user interfaces.', 0),
(0x4a8fccad62cf49abaf85c582b54139a4, 0xf3a72171a4dd4b74826e629b65de3e96, 'To initialize the function parameters.', 'This is not correct because the base case is not about initializing parameters but providing a termination condition.', 0),
(0x4b04d6219e8c4018b2045ca84224aeac, 0x47fd5ed990cb457fbb893b0731e09198, 'n <= 1', 'This is incorrect. The base case is when n equals 0, not when n is less than or equal to 1.', 0),
(0x4b3b9be76b9c4eb29de2e4f12d46867b, 0x746f0568505f4a8d926ed466c167b9b3, 'The provided code correctly computes the exponentiation.', 'The provided code correctly implements the exponentiation function using recursion.', 1),
(0x4b7875cc511d4b028986490b862acf49, 0x37125837cc1d40e9adeb5c1bdef99b05, 'The function returns a value without any recursive calls.', 'This is incorrect. Tail recursion involves recursive calls, not immediate return values.', 0),
(0x4d5f0d9bf2da41a682df9fe1e0f32a84, 0xedbde11b4ed84cbe8c01f8376f946bf2, 'To allow the function to handle larger inputs.', 'This is incorrect. The base case does not affect the input size the function can handle.', 0),
(0x4dde422c30c84394a9dff9c47a42e409, 0x3e654a82a2e04785ac4212c17ff937fc, '2', 'The function computes the 3rd Fibonacci number, which is 2.', 1),
(0x52c2a345c409488da3279cb7e41eec48, 0x4305b4e841b147669f9bb00ecbc803c4, 'The provided code does not handle empty strings.', 'This is incorrect because the provided code handles the base case correctly.', 0),
(0x531ee2b81a49416c9b951c8738683fd8, 0xb5247041d964428a8fb267b90c81a2be, 'The provided code contains logical errors.', 'This is incorrect because the provided code is logically correct.', 0),
(0x5330677fa0974ee2b1681229466b2769, 0x37125837cc1d40e9adeb5c1bdef99b05, 'The recursive call is the last operation performed by the function.', 'In tail recursion, the recursive call is the last operation performed by the function before returning, optimizing memory usage.', 1),
(0x53af400e79e3461ca6d0ef702c6d62f1, 0xb4643d811817456c82b83244027d89f0, 'O(2^n)', 'The provided code exhibits exponential time complexity as it recursively calls itself twice for each input until reaching the base case.', 1),
(0x569053d1e10d48909a1f258ca2468ed4, 0xa9280676f6ff472bae9905f0fbf4ec94, 'Error', 'This is incorrect because it doesn\'t match the actual output of the function call.', 0),
(0x56e3add4c77d4380856e8c0969937671, 0x9c3e2f1cddf047a3a8609c86d07fa9a1, 'The output will be \'olleh\'.', 'The function \'mystery\' recursively reverses the string \'s\'. So, the output will be \'olleh\'.', 1),
(0x575f2c4c863d4122a3213c8f42dc721d, 0xd85f61888eeb4894b5eb10960fc84407, 'O(log n)', 'This is incorrect because the time complexity of the function is not logarithmic.', 0),
(0x57d15c71fd0243d0a81f8349d5acf816, 0x4f2ed2b0468042c988abf8ca49a8a8a5, 'O(n)', 'The space complexity of the provided code is linear, as it requires additional memory proportional to the input size to store intermediate results in the call stack.', 1),
(0x585466cc538443e5bb7a3e71bd2bc589, 0xf6a23487296a4c48a1076c3e58a97811, 'The provided code will result in a stack overflow for large arrays.', 'This is incorrect because the provided code is tail-recursive and won\'t result in a stack overflow for large inputs.', 0),
(0x5947b865d1f14373bde67a2db4f8f29c, 0x3abff3a3e60e4bfaaaa6eb910e3a0dfd, 'The output will be 9.', 'The function calculates the sum of all odd numbers up to the given input. So, calling mystery(5) will result in 1 + 3 + 5 = 9.', 0),
(0x59497c8716bd46ee9b6b135d4fc9e309, 0x30e8f0ac4d0e4033bb6c287877297ddc, 'O(n)', 'The provided code utilizes O(n) space complexity due to the recursive function calls being stored in the call stack until reaching the base case.', 1),
(0x59df2a6bbc37476181fce21ce3afa11d, 0x222407e7d5cd42a0b5949ae8b5648a96, 'The given code contains syntax errors.', 'This is not correct because the given code is syntactically correct.', 0),
(0x5ac2793cb1114e47a358e8f3852c810a, 0x1fc7379b5233412794a88523b2b0f308, 'To stop the recursion.', 'The primary purpose of a base case in a recursive function is to stop the recursion.', 1),
(0x5b24e27db3fe4a9bb6b7346e115e50aa, 0xdd3078b7d49d496b92877c7c58138fd0, 'O(log n)', 'This is incorrect because the space complexity is not logarithmic.', 0),
(0x5e2d319ffb924903b65788ec670ffd31, 0x3e654a82a2e04785ac4212c17ff937fc, '5', 'This is incorrect because it doesn\'t match the actual output of the function call.', 0),
(0x5eecc58b808b42fa88223a84a7ee9157, 0xef8fecd8fcac42c99b664f8504db4b3c, 'The provided code will result in a stack overflow for large inputs.', 'This is incorrect because the provided code is tail-recursive and won\'t result in a stack overflow for large inputs.', 0),
(0x5f56e0147aeb47da9a5402374c694fa3, 0x3e26798a4a664da8b5f1da74ea374bbd, 'It stores the base case of the function.', 'This is incorrect. The stack does not store the base case of the function.', 0),
(0x5fcd625d4c6c41c5824fdb43f8afbd29, 0xf3a72171a4dd4b74826e629b65de3e96, 'To provide a termination condition for the recursion.', 'Having a base case in a recursive function is essential to provide a termination condition, preventing infinite recursion.', 1),
(0x5fd991a2186b41bea295794142965530, 0x5071190121cb41c0b05f47271add5b48, 'The output will be 0.', 'The function returns 0 for n <= 0. So, calling mystery(3) will result in 0.', 1),
(0x6074b0e0ab434f0eb6fee3e448afb1ea, 0xd0d167c668744a6ea89940a26accd22f, 'The function returns the result immediately.', 'This is incorrect. The recursive step involves calling the function itself again, not returning the result immediately.', 0),
(0x6074e25fd9b7473ba1a539207f551903, 0xe6c48e9c262c4ff18e27c20de4e95290, 'The provided code correctly generates all permutations of a given array of integers.', 'The provided code correctly implements the permutation generation function using recursion.', 1),
(0x610d6e154db04601b8e20ec26553a347, 0x4f2ed2b0468042c988abf8ca49a8a8a5, 'O(1)', 'This is incorrect because the space complexity is not constant.', 0),
(0x6135e40094b94efca753fdbe2627bb3a, 0x0c985b45667d44d2aa1f28cbef8dc4e6, 'O(n^2)', 'This is incorrect because the space complexity is not quadratic.', 0),
(0x6317ff09886b4c64998a065c3aea02e0, 0x3a5c691fc19648708aaabd88a114113c, 'The provided code does not handle empty arrays.', 'This is incorrect because the provided code handles the base case correctly.', 0),
(0x63b31de8358c4c7697a14733462ed89d, 0x4f2ed2b0468042c988abf8ca49a8a8a5, 'O(n^2)', 'This is incorrect because the space complexity is not quadratic.', 0),
(0x643eb5ed2a034ddca19271eac79f3dc7, 0xf3a72171a4dd4b74826e629b65de3e96, 'To ensure the function always returns a value.', 'This is not correct because the base case ensures termination; it\'s not directly related to the return value.', 0),
(0x65eb36ab83784c9899895b838225741c, 0xf6a23487296a4c48a1076c3e58a97811, 'The provided code correctly calculates the length of the longest increasing subsequence.', 'The provided code correctly implements the longest increasing subsequence function using recursion.', 1),
(0x65ee3b0d81ec4eee834e0ae3e6a14741, 0xd85f61888eeb4894b5eb10960fc84407, 'O(2^n)', 'The function implements the Fibonacci sequence using recursion, resulting in exponential time complexity O(2^n).', 1),
(0x6610fdcd878f4be6b024bd72e0434ffb, 0xb73a8b9553fa4feeb67985f14554fffc, 'The given code correctly implements a recursive method to find the nth term of the arithmetic sequence.', 'The given code correctly implements a recursive method to find the nth term of the arithmetic sequence by recursively adding the common difference.', 1),
(0x66f0616812884e8da28def2f73185b41, 0x67246234195543ccaf3379112bb31795, 'The provided code does not handle empty arrays.', 'This is incorrect because the provided code handles the base cases correctly.', 0),
(0x6711b92830674babbb06a1005128ac38, 0x8747c41946404ccab00c3c9fdfc75f13, 'O(log n)', 'This is incorrect because the space complexity is not logarithmic.', 0),
(0x672ddf5562114ad2a5da7b04ae5608fd, 0xf1a7f60cb2f84861914d08471f5373e6, 'O(n^2)', 'This is incorrect because the space complexity is not quadratic.', 0),
(0x67ba2f6bb1e545cfb20ed21484e68da9, 0xb3d2a504651543db9bdc003f409b48c1, 'The provided code contains logical errors.', 'This is incorrect because the provided code is logically correct.', 0),
(0x67e07f7076e241f8b9eebd02058ce078, 0xe8aa49e9746b4e768c94b44901972222, 'The number of recursive calls is linear in the input size n.', 'This is incorrect because the number of recursive calls is not linear.', 0),
(0x6907c4b2e8eb48fca962d28f9c6b727d, 0x5f5a17d32c0743aaa280267c513816a7, 'A function returns a value based on a condition.', 'This is incorrect. Recursion is not solely based on returning a value based on a condition.', 0),
(0x691741b22daf474aad38a675aa49c431, 0x43c213aa0c734e15b8a728a5dadfc414, 'The given code implements an iterative solution.', 'This is not correct because the given code implements a recursive solution, not an iterative one.', 0),
(0x6976488a039f4767a8e6ab901bb2db9f, 0x879d5a4626fe4369976d3551815d85c6, 'The given code implements an iterative solution.', 'This is not correct because the given code implements a recursive solution, not an iterative one.', 0),
(0x69a75eab2650490fb78c38e94613dd73, 0x20955d041cc540e3b78b0a044c7e5833, 'The given code implements an iterative solution.', 'This is not correct because the given code implements a recursive solution, not an iterative one.', 0),
(0x6a52ddc1756d4b46bfdd93375e025fec, 0x195da52abcd743d7bbd59df6551e07f9, 'The provided code is a correct implementation to calculate the sum of even numbers.', 'The provided code correctly implements the sum of even numbers function using recursion.', 1),
(0x6b69ea8cf2c248da902ab4871ff11201, 0xeb7910bfbe20458a8c6188da301d72af, 'The purpose is to find the nth term of the Fibonacci sequence.', 'This is incorrect because the function is not related to finding Fibonacci numbers.', 0),
(0x6bf2fa414d9d4f2ca0c1af588e6fb78a, 0x4305b4e841b147669f9bb00ecbc803c4, 'The provided code contains logical errors.', 'This is incorrect because the provided code is logically correct.', 0),
(0x6c0a50fbd18c4ed1b20a0c6ab6ed1af1, 0x20955d041cc540e3b78b0a044c7e5833, 'The given code has logical errors.', 'This is not correct because the given code is logically sound.', 0),
(0x6c3a49dacedf4c718ff1a0ca6f867092, 0xb4643d811817456c82b83244027d89f0, 'O(n^2)', 'This is incorrect because the time complexity is not quadratic.', 0),
(0x6c41a528cdc84ab8aecc2507a159bfa5, 0x8f08cba1e4944aa085f430f346d278f8, 'O(log n)', 'This is incorrect because the time complexity is not logarithmic.', 0),
(0x6c42c6c6e5ac45c3a05e3d6132271f07, 0x0bae80cafee543e2981e9ef250dca80e, 'The output will be 4.', 'This is incorrect because the function returns 1 when n == 0.', 0),
(0x6d046e137e084001a1711200e3e5d2f9, 0xd09fa6989e3948f8b0018191ecda847b, 'The output will be 24.', 'The function calculates the factorial of a given number. So, calling mystery(4) will result in 4 * 3 * 2 * 1 = 24.', 0),
(0x6d439fa7a33143dd827f4c3906938d31, 0xedbde11b4ed84cbe8c01f8376f946bf2, 'To increase the efficiency of the function.', 'This is incorrect. The base case does not directly affect the efficiency of the function.', 0),
(0x6d854b341ff84060baa649e65423b7b5, 0x9d97583e32fe44d48bcccd837ea4afd7, 'It will return an error.', 'This is incorrect. Without a base case, the function does not necessarily return an error.', 0),
(0x6dd7588c160646a7a7c1ed226939f64a, 0x5b58d4905c1344c68e0e52bbe288fc5b, 'By breaking down complex problems into simpler subproblems.', 'Recursion helps in solving problems more elegantly by breaking down complex problems into simpler subproblems, which can then be solved individually.', 1),
(0x6e21d070a0c941589885e4fd48548bf3, 0x2a2c82240bd14eaaade1d84137e07602, 'The provided code contains logical errors.', 'This is incorrect because the provided code is logically correct.', 0),
(0x6e4ee8bd23844750ac7521ae9c43c7bd, 0xf3a72171a4dd4b74826e629b65de3e96, 'To handle exceptions thrown by the recursive calls.', 'This is not correct because while exceptions should be handled, the base case is specifically for termination conditions.', 0),
(0x6e52b9a7294d476e95415dc1a2d70825, 0xfeaabafa9c7f4525a24594d1e7651415, 'The provided code correctly generates all subsets of the given set.', 'The provided code correctly implements the subset generation function using recursion.', 1),
(0x6ec2699feb5c4c549c4b8496473878bb, 0x9c0c211665b44037bac89af477845723, 'Linked List', 'This is not correct because a linked list is not commonly used for recursion.', 0),
(0x6ecfe6e773b44d26ac55fe83fd3502b8, 0x6ee752733a1d4e79857e213b0b6fd703, 'The provided code contains logical errors.', 'This is incorrect because the provided code is logically correct.', 0),
(0x6ee1819e0d2b4db5b90c18d7beb4c006, 0x5072c82d65fd459c90c2c110285ee6b8, '3', 'The function computes the 4th Fibonacci number, which is 3.', 1),
(0x6f068f5081f6441cbe861d2c0f798263, 0xac56dccca6cd492b9688dc53d46832f7, 'They cannot return a value.', 'This is not correct because recursive functions can return values.', 0),
(0x7052a590787e4f819a059609a43f8e38, 0x8cd10fafd0014cd1ad71dd73388e13ee, 'Solving problems with repeated subproblems.', 'Recursion is useful for solving problems with repeated subproblems by breaking them down into smaller instances.', 1),
(0x70c5f9dea04b4c3da7f3a455c0d99ec4, 0x1155b603fb6c444692fe4e2e393af061, 'O(n)', 'This is incorrect because the time complexity of the function is not linear.', 0),
(0x71b41c33ce5c49e2bcef424636f5207d, 0xf1c278ad1fe24f138aae7b67991ba5f9, 'The given code does not reverse the string.', 'This is not correct because the given code indeed reverses the string.', 0),
(0x71be81d65fa44382b4a63090b50391e6, 0x15de8bde346d4d94bddc14f22aeda301, 'The given code contains compilation errors.', 'This is not correct because the given code is free of compilation errors.', 0),
(0x71c4d316c1ad44b28714dfaabaa020b4, 0xe97f86c5eceb48f9a2c7eb9344663b2e, 'The provided code contains logical errors.', 'This is incorrect because the provided code is logically correct.', 0),
(0x72c24c530ef947ee89afc04d6593a686, 0x30e8f0ac4d0e4033bb6c287877297ddc, 'O(n^2)', 'This is incorrect because the space complexity is not quadratic.', 0),
(0x7483a36debf34fccbd598e1eccb702fe, 0xd5470a9dcad148c4872a7f0089546a5e, 'O(1)', 'This is incorrect because the time complexity is not constant.', 0),
(0x749b03d9718043ae9c68df1e8f790482, 0x15de8bde346d4d94bddc14f22aeda301, 'The given code implements an iterative solution.', 'This is not correct because the given code implements a recursive solution, not an iterative one.', 0),
(0x754f2ab8b4a8470ea497caa2cbe44492, 0xebebb4961ad748c29c3fa5eeb62edd11, 'The provided code does not handle negative numbers.', 'This is incorrect because the provided code handles 0 correctly.', 0),
(0x75624e823cc04791966e5964face01ea, 0xee7b0682f7004473a9b0d7a597363158, 'false', 'This is incorrect because it doesn\'t match the actual output of the function call.', 0),
(0x766802d71e794cecbd357bb30a586252, 0x746f0568505f4a8d926ed466c167b9b3, 'The provided code will result in a stack overflow for large inputs.', 'This is incorrect because the provided code is tail-recursive and won\'t result in a stack overflow for large inputs.', 0),
(0x76db532e605948df830e965e3d3b9b9c, 0xf3232770df1146f8807ae9321695c78f, 'The provided code correctly checks if the string is a palindrome.', 'The provided code correctly implements the palindrome checking function using recursion.', 1),
(0x77592568bd784a2da6d92591624e3be9, 0x9d97583e32fe44d48bcccd837ea4afd7, 'It will execute only once.', 'This is incorrect. Without a base case, the function does not necessarily execute only once.', 0),
(0x776f5906c72e42048ac05d12d1462ef5, 0x25877d0fb5464a9dafa805caa1d7dc73, 'The provided code contains logical errors.', 'This is incorrect because the provided code is logically correct.', 0),
(0x7797a2a67bf94951bfa7fd721bbf5e57, 0xe9d53199fd1e41b392489c597254086e, 'The number of recursive calls is logarithmic in the input size n.', 'The number of recursive calls made by the provided code is logarithmic in the input size n, as it reduces the problem size by approximately half with each recursive call.', 1),
(0x785643df92304fd38950d24eda58b484, 0xbc0abe916c18462b837ecf28fa046ce5, 'The given code contains syntax errors.', 'This is not correct because the given code is syntactically correct.', 0),
(0x78c9a5d76d8746f58b847abe2d56ee3d, 0xb5247041d964428a8fb267b90c81a2be, 'The provided code is a correct implementation of the Fibonacci function.', 'The provided code correctly implements the Fibonacci function using recursion.', 1),
(0x78f512144ab64a97b894505a1afb4cbb, 0xe60c17fd98bb48068f8862b437bef6f1, 'The purpose is to calculate the least common multiple (LCM) of two integers.', 'This is incorrect because the function is not related to calculating the least common multiple (LCM).', 0),
(0x79ce9039755d428f98ebfe10809685e6, 0xcf516b1fc9bf4d37a5e60c4a012a4aa3, 'The given code does not check for prime numbers.', 'This is not correct because the given code indeed checks for prime numbers.', 0),
(0x7a76cd4dcae342ca9dc8c62df1c1636d, 0xfeaabafa9c7f4525a24594d1e7651415, 'The provided code does not handle empty sets.', 'This is incorrect because the provided code handles the base case correctly.', 0),
(0x7ab8d1e1bca54f3686a3aa189ff6ab12, 0x4def9449dc7e45709f2b2821388c9fe9, '120', 'The function computes the factorial of 5, which equals 120.', 1),
(0x7afc2f24025a4b1c9a1fbef867381c57, 0x0bb7a32e166448f4abb2229911929755, 'The given code does not find the maximum element.', 'This is not correct because the given code indeed finds the maximum element in the array.', 0),
(0x7b4ba779956c4677b22fc2883864f727, 0x3a5c691fc19648708aaabd88a114113c, 'The provided code correctly generates all permutations of the given array of integers.', 'The provided code correctly implements the permutation generation function using recursion.', 1),
(0x7c93ba9902ea4072a15766b0feb603c5, 0x6d664363ed7e45e5a0636897b0e163cc, 'O(log n)', 'This is incorrect because the time complexity is not logarithmic.', 0),
(0x7cb4b7e6d2564482a3d0483d4062c537, 0xbfee08e56f2a4ddda85dcafe156898ef, 'O(1)', 'This is incorrect because the time complexity is not constant.', 0),
(0x7cfcd4d708324116af34bcfb989b8289, 0xcf516b1fc9bf4d37a5e60c4a012a4aa3, 'The given code implements an iterative solution.', 'This is not correct because the given code implements a recursive solution, not an iterative one.', 0),
(0x7d73c7d47144453b9a91f2e363e62d6f, 0xf5fefc5282cc4e789a173aaa5c7176a1, 'O(log n)', 'This is incorrect because the time complexity is not logarithmic.', 0),
(0x7daf1489b094430488c8af2b3ad6ab84, 0xd85f61888eeb4894b5eb10960fc84407, 'O(n^2)', 'This is incorrect because the time complexity of the function is not quadratic.', 0),
(0x7e37e25c881b41d4b317ccb8d4adf09f, 0x0b31d20306b7440087aafbc6870262fe, '8', 'This is incorrect because it doesn\'t match the actual output of the function call.', 0),
(0x7e45b956d1564635ab05eff107ba9679, 0x3e3eddec7f0044549cd5c1e5705b3e72, 'The base case is when the length of the string is less than or equal to 1.', 'The base case is correctly identified as when the length of the string is less than or equal to 1, indicating either an empty string or a single-character string.', 1),
(0x7e70aed55dbe427ebcb5ff7ebc2d77d6, 0x8747c41946404ccab00c3c9fdfc75f13, 'O(n^2)', 'This is incorrect because the space complexity is not quadratic.', 0),
(0x7e87944332c9412cba4e7da200f9f310, 0x4f25b19ca2dc4908a46a161b1ffbc4c4, 'A function that calls another function.', 'This is not correct because recursion involves a function calling itself, not another function.', 0),
(0x809979e41c41417bb48d74facd223915, 0xf1a7f60cb2f84861914d08471f5373e6, 'O(n)', 'The provided code utilizes O(n) space complexity due to the recursive function calls being stored in the call stack until reaching the base case.', 1),
(0x80dd79b65e244f8fbce30a5f51e5f3d1, 0x51dfd6acc98349cbab04bcb2e768d0a1, 'It causes the program to crash.', 'This is not correct because infinite recursion may not always cause an immediate program crash.', 0),
(0x8159cea7560644bf967a2f4c2139b9e6, 0xb6ee6a9031bc483c8982c016d05e8cb7, 'The function will throw an exception.', 'This is incorrect because the function does not throw any exception for negative input values.', 0),
(0x81c29c8beb454ba9a74b55c5aad0087c, 0xa9026d798ad24e888e794db2be01f9eb, 'The output will be 1.', 'This is incorrect because the function calculates the factorial of a given number.', 0),
(0x832f13c311c44d54a27910dd63950c25, 0x20664ad5fbc947a08f078ba91df431ae, 'O(2^n)', 'The provided code exhibits exponential time complexity as it recursively calls itself twice for each input until reaching the base case.', 1),
(0x83ba048bbbba48c7a0433e2d2050d7ae, 0xd09fa6989e3948f8b0018191ecda847b, 'The output will be 5040.', 'This is incorrect because the function calculates the factorial of the input.', 0),
(0x83c6f333ab4c4c21bcc40c2a5a252fc3, 0xeaa083eb63664a9f840b02c26cedd5f4, 'Array', 'This is not correct because an array is not typically used for managing recursive calls.', 0);
INSERT INTO `answer` (`answerID`, `questionID`, `answerDescription`, `answerExplanation`, `isCorrect`) VALUES
(0x84aecb8d97a94317963f3ed534302adf, 0xac56dccca6cd492b9688dc53d46832f7, 'They always result in an infinite loop.', 'This is not correct because while recursive functions may result in infinite loops without a base case, it\'s not always the case.', 0),
(0x8502a87619904a4fb7096d201f876671, 0x54a077f4f1764a7f8b4e2f3b0dd857ec, 'The provided code correctly generates all permutations of the given string.', 'The provided code correctly implements the permutation generation function using recursion.', 1),
(0x85bc3ae010f1480f9c0339095b8b778c, 0x879d5a4626fe4369976d3551815d85c6, 'The given code does not calculate the power.', 'This is not correct because the given code indeed calculates the power.', 0),
(0x85e92b8bba1d41ebbfa35e67c94dca04, 0xa9026d798ad24e888e794db2be01f9eb, 'The output will be 10.', 'This is incorrect because the function calculates the factorial of a given number.', 0),
(0x86571c8a7b124df885e9a233274f0ede, 0x3e3eddec7f0044549cd5c1e5705b3e72, 'The base case is when the length of the string is exactly 2.', 'This is incorrect because the base case includes strings of length 1.', 0),
(0x86a8a9fcdf774514a0aae49723c6fc29, 0x3a5c691fc19648708aaabd88a114113c, 'The provided code will result in a stack overflow for large arrays.', 'This is incorrect because the provided code is tail-recursive and won\'t result in a stack overflow for large inputs.', 0),
(0x870996ffeec64e85a12d376b833a339d, 0xb5247041d964428a8fb267b90c81a2be, 'The provided code does not handle negative numbers.', 'This is incorrect because the provided code handles base cases correctly.', 0),
(0x87ea6f04cc9342c6bbb2b340f507b737, 0xfeb7c1f3f37e470b83c59e0bd4204e94, 'Combining multiple problems into one.', 'This is not correct because \'divide and conquer\' involves splitting problems, not combining them.', 0),
(0x89a5fa5ee6df4da398d5d2826cb1980f, 0xac8810224e764f5fbe58bf676f810a09, 'It ensures the recursive function returns null.', 'This is not correct because the stack\'s purpose is not related to ensuring the function returns null.', 0),
(0x89ca895a23a64550988125ddb6d4e71c, 0x25877d0fb5464a9dafa805caa1d7dc73, 'The provided code correctly generates all possible combinations of the given string.', 'The provided code correctly implements the combination generation function using recursion.', 1),
(0x8acd2dc99536461da9ec20017c51fd3c, 0xe8aa49e9746b4e768c94b44901972222, 'The number of recursive calls is constant for all input sizes.', 'This is incorrect because the number of recursive calls varies with the input size.', 0),
(0x8db47707bdcb4e3281550cbb3070ac6b, 0xb73a8b9553fa4feeb67985f14554fffc, 'The given code implements an iterative solution.', 'This is not correct because the given code implements a recursive solution, not an iterative one.', 0),
(0x8e7a250f4e96409e92a34337d6c96e49, 0xdab0e556ffe34063b3052b87910fc7a7, 'The provided code correctly calculates the greatest common divisor (GCD) of two integers.', 'The provided code correctly implements the GCD calculation function using recursion.', 1),
(0x8fe49cee52d9475089d8bc8bc21eca0d, 0x7a67706395e34e5794a4e48c3058af7e, 'Recursive case', 'This is not correct because while a recursive case is necessary, it\'s not sufficient for termination.', 0),
(0x9281aa3c461a49b9871380e10df6166e, 0x3abff3a3e60e4bfaaaa6eb910e3a0dfd, 'The output will be 10.', 'This is incorrect because the function calculates the sum of all odd numbers up to the given input.', 0),
(0x9398035625f2444eadc97122f82aff38, 0x8cd10fafd0014cd1ad71dd73388e13ee, 'Performing arithmetic operations.', 'This is not correct because recursion is not limited to arithmetic operations.', 0),
(0x93a2c424748844c394b0de239b943f3f, 0xfd853a43dbc44cea8499a3347349f29c, 'Simplifies the problem-solving approach.', 'Recursion simplifies the problem-solving approach by breaking down complex problems into simpler ones.', 1),
(0x93fbc56fd7f845e4980487acf242589e, 0x4def9449dc7e45709f2b2821388c9fe9, '5040', 'This is incorrect because it doesn\'t match the actual output of the function call.', 0),
(0x94eeafafc9fe4bad8d635f426d5440a6, 0x81a9f671999f4aef9dcb404f088f7130, 'Sorting an array using a loop.', 'This is not correct because sorting an array using a loop is an example of an iterative approach.', 0),
(0x950d94ce20004de9b7da5d117a8dc7ad, 0xb3fec63ef37545f4a6a9b5250f4cc040, '12', 'This is incorrect because it doesn\'t match the actual output of the function call.', 0),
(0x950f4477f79c4e5a85421a58c53ea19f, 0xfeb7c1f3f37e470b83c59e0bd4204e94, 'Ignoring the base case altogether.', 'This is not correct because ignoring the base case would lead to infinite recursion or incorrect results.', 0),
(0x95f37e19564c47109659e8d91500972a, 0x37125837cc1d40e9adeb5c1bdef99b05, 'The function has multiple base cases.', 'This is incorrect. Tail recursion does not imply having multiple base cases.', 0),
(0x9621025653b34eaa9f929216a10455db, 0x8f08cba1e4944aa085f430f346d278f8, 'O(2^n)', 'The provided code exhibits exponential time complexity as it recursively calls itself twice for each input until reaching the base case.', 1),
(0x962482e5ced347f98dd1534ce168d432, 0x295166a1b4d4446d9532dc44881e73c8, 'The given code has logical flaws.', 'This is not correct because the given code is logically sound.', 0),
(0x96a4c1c26a0f4677857f4e8a7234efe8, 0x5b58d4905c1344c68e0e52bbe288fc5b, 'By using fewer function calls.', 'This is not correct because the elegance of recursion comes from its ability to break down problems, not from the number of function calls.', 0),
(0x96b239f0417c4258a673c94fd24870dd, 0x996cadb6193c4c21b59f8670fac998a7, 'The provided code correctly calculates the sum of all elements in an integer array.', 'The provided code correctly implements the array sum function using recursion.', 1),
(0x987cbc6be50a4bb29bb98fb8dd664ff7, 0x0bae80cafee543e2981e9ef250dca80e, 'The output will be 1.', 'The function recursively calls itself with n / 2 until n becomes 0. So, calling mystery(4) will result in 1.', 1),
(0x98be3aa5ab9b45d0a9b7373ec6e49e70, 0xb4f1c077a9734b88af9fd60e03a499c0, 'To store global variables.', 'This is not correct because the call stack primarily deals with function calls and local variables, not global variables.', 0),
(0x99134848ca42433da8fece1a6d86bc32, 0x24b23912b61243ebb01ab6ca50eea551, 'O(log n)', 'This is incorrect because the time complexity is not logarithmic.', 0),
(0x9a1da234dd8f45b6bbb0f21466720f83, 0xe9d53199fd1e41b392489c597254086e, 'The number of recursive calls is constant for all input sizes.', 'This is incorrect because the number of recursive calls varies with the input size.', 0),
(0x9a96acc6e77343edbaff393830233558, 0x20664ad5fbc947a08f078ba91df431ae, 'O(n^2)', 'This is incorrect because the time complexity is not quadratic.', 0),
(0x9ad0cffa81dc47e09ff9ecf8a9caa3e5, 0x728a5deeb211462c949231af09011f72, 'The provided code contains logical errors.', 'This is incorrect because the provided code is logically correct.', 0),
(0x9b5963b05634480facfabec27ab0933c, 0x2f292a64385e4975bf436a728b1d9648, 'By breaking down the problem into smaller instances.', 'Recursion helps in solving problems with repeated subproblems by breaking down the problem into smaller instances.', 1),
(0x9c829d20b68f4606a38797dedb8f40e9, 0x34248401f5454e71a2687040430b8809, '8', 'This is incorrect because it doesn\'t match the actual output of the function call.', 0),
(0x9cdd6583eb684e4292db4fe16c6bad50, 0x746f0568505f4a8d926ed466c167b9b3, 'The provided code does not handle negative exponents.', 'This is incorrect because the provided code handles 0 exponent correctly.', 0),
(0x9d46ce6e6a164642b5b06b37e9a877f0, 0x131bb395aeea4eb4b400d7c12b153f6d, 'The output will be 3.', 'This is incorrect because the function returns 1 when n == 0.', 0),
(0x9da1c585d07e423aad80308405d40822, 0xf1c278ad1fe24f138aae7b67991ba5f9, 'The given code implements an iterative solution.', 'This is not correct because the given code implements a recursive solution, not an iterative one.', 0),
(0x9e0604158f504a32882efe664037046c, 0x20955d041cc540e3b78b0a044c7e5833, 'The given code does not calculate trailing zeroes.', 'This is not correct because the given code indeed calculates trailing zeroes.', 0),
(0x9e17c2ab259e42e38416b64d3f7eba03, 0x43c213aa0c734e15b8a728a5dadfc414, 'The given code does not compute the Fibonacci sequence.', 'This is not correct because the given code indeed computes the Fibonacci sequence.', 0),
(0x9e3b6a00f8794f45b596c59bec2126fe, 0x4f25b19ca2dc4908a46a161b1ffbc4c4, 'A function that uses a loop to iterate.', 'This is not correct because recursion doesn\'t necessarily involve loops.', 0),
(0x9ee8934bb0a04f59b82ed8834f52660f, 0xb4643d811817456c82b83244027d89f0, 'O(n)', 'This is incorrect because the time complexity of the provided code is exponential.', 0),
(0x9f00cd890f3e4f998c35f15cd64235dd, 0xd8bfc1e0f4b64568b2a698d898e34b78, 'To handle exceptions.', 'This is not correct because the base case is not primarily for handling exceptions.', 0),
(0x9f5934c3a3c34068806b1df06b229078, 0x17f0477cfa8649ee952523cf37fa9644, 'It has multiple return statements.', 'This is not correct because the presence of multiple return statements is not a defining characteristic of recursion.', 0),
(0x9f620661418849cc83675b4aae83e1fe, 0x4305b4e841b147669f9bb00ecbc803c4, 'The provided code will result in a stack overflow for large inputs.', 'This is incorrect because the provided code is tail-recursive and won\'t result in a stack overflow for large inputs.', 0),
(0xa0b0cabb9ed0417a8e5dfbfa5ecc8d3e, 0x9c3e2f1cddf047a3a8609c86d07fa9a1, 'The output will be \'lo\'.', 'This is incorrect because the function recursively reverses the entire string \'s\'.', 0),
(0xa128ba23c6fa4bfeb0a935f41a2b8e31, 0x34248401f5454e71a2687040430b8809, '13', 'This is incorrect because it doesn\'t match the actual output of the function call.', 0),
(0xa15118f60eda4d989114d21d6491410c, 0xb4f1c077a9734b88af9fd60e03a499c0, 'To prevent infinite recursion.', 'This is not correct because the call stack itself does not prevent infinite recursion; it\'s the base case that does.', 0),
(0xa1832079f0ca438e84969bcaff2da6fe, 0x825531acb955492385b0d5efb47c2691, 'The value of x will be 20.', 'This is incorrect because the value of x is not doubled; it\'s the sum of integers from 1 to 5, which is 15.', 0),
(0xa1904de5df9140c4b37802ba0c8f3aca, 0x879d5a4626fe4369976d3551815d85c6, 'The given code correctly implements a recursive function to calculate the power of a number.', 'The given code correctly implements a recursive function to calculate the power of a number by repeatedly multiplying the base.', 1),
(0xa2b20de47d504c7eb548c8be0e81b130, 0xeaa083eb63664a9f840b02c26cedd5f4, 'Queue', 'This is not correct because a queue is not typically used for managing recursive calls.', 0),
(0xa2dc435a692742a0a56004ffe7eab181, 0x195da52abcd743d7bbd59df6551e07f9, 'The provided code does not handle negative numbers.', 'This is incorrect because the provided code handles 0 correctly.', 0),
(0xa49c957ae4e042eba1bc611203e735ea, 0x67246234195543ccaf3379112bb31795, 'The provided code correctly merges two sorted arrays.', 'The provided code correctly implements the array merging function using recursion.', 1),
(0xa52f68a9268744daa0cd8bf5da8d1de6, 0x33daf0b5fba74afe98e2f1346768e42a, 'A function performs arithmetic operations.', 'This is not correct because recursion is not limited to arithmetic operations.', 0),
(0xa53941ceb4a24e0eb0b6260702246a06, 0x30e8f0ac4d0e4033bb6c287877297ddc, 'O(1)', 'This is incorrect because the space complexity is not constant.', 0),
(0xa547544700fd4d2b8a8c81b087247b96, 0xbfee08e56f2a4ddda85dcafe156898ef, 'O(log n)', 'This is incorrect because the time complexity is not logarithmic.', 0),
(0xa5e5cd199dc64999939eec05aebd03e0, 0xe97f86c5eceb48f9a2c7eb9344663b2e, 'The provided code correctly checks if the string is a palindrome.', 'The provided code correctly implements the palindrome checking function using recursion.', 1),
(0xa6ad493b45f54782b4cd688adc1e2d66, 0xdce7b411a20446c1b5b282650c85f558, 'The given code does not calculate the sum of array elements.', 'This is not correct because the given code indeed calculates the sum of array elements.', 0),
(0xa6fac324585d41b6a12fffcbaf9057cf, 0x6ee752733a1d4e79857e213b0b6fd703, 'The provided code does not handle negative integers.', 'This is incorrect because the provided code handles 0 correctly.', 0),
(0xa7b95807ac904c21928734bb49d615b8, 0xe60c17fd98bb48068f8862b437bef6f1, 'The purpose is to calculate the greatest common divisor (GCD) of two integers.', 'The purpose of the provided code is correctly identified as calculating the greatest common divisor (GCD) of two integers.', 1),
(0xa811a3c394894daaa9c103ad7c04fbe5, 0xebebb4961ad748c29c3fa5eeb62edd11, 'The provided code correctly calculates the factorial of a given number.', 'The provided code correctly implements the factorial function using recursion.', 1),
(0xa8e17b718ff4467cba5be10160a2c262, 0x34248401f5454e71a2687040430b8809, '3', 'The function computes the 4th Fibonacci number, which is 3.', 1),
(0xa915052ca3ba48ed8b20deafb13c3e03, 0x03bd421dabc8455599ffa5c395b984ad, 'O(n^2)', 'This is incorrect because the time complexity is not quadratic.', 0),
(0xa9725ef6197047e7b5b5592a6ecb9bc0, 0xf2fd67702fde438f9501dfcd50b8908f, 'It always throws an exception.', 'This is not correct because the absence of a base case doesn\'t always result in an immediate exception.', 0),
(0xa99476ce382640588653dcefd5460371, 0x51dfd6acc98349cbab04bcb2e768d0a1, 'It can cause a stack overflow error.', 'Infinite recursion can cause a stack overflow error as the call stack grows excessively.', 1),
(0xa99f7e6d332c430ab2f282d5b30e05f1, 0xcf516b1fc9bf4d37a5e60c4a012a4aa3, 'The given code correctly implements a recursive method to check if a given number is prime.', 'The given code correctly implements a recursive method to check if a given number is prime by recursively checking divisibility.', 1),
(0xa9e7e2bceb7844feb68c5c7d7c83d1f8, 0x0b31d20306b7440087aafbc6870262fe, '2', 'The function computes the 3rd Fibonacci number, which is 2.', 1),
(0xaa05277cf5974f67bcec676f2cec6238, 0x1155b603fb6c444692fe4e2e393af061, 'O(log n)', 'This is incorrect because the time complexity of the function is not logarithmic.', 0),
(0xaa3a005991914e93bc6db7d473f131d3, 0x03bd421dabc8455599ffa5c395b984ad, 'O(2^n)', 'This is incorrect because the time complexity is not exponential.', 0),
(0xaa6eb58d9a0c49099bec52a50b2200f5, 0x20664ad5fbc947a08f078ba91df431ae, 'O(n)', 'This is incorrect because the time complexity of the provided code is exponential.', 0),
(0xaadea6bd9ba34d82bfcd0ed3df22aa1c, 0xe9d53199fd1e41b392489c597254086e, 'The number of recursive calls is linear in the input size n.', 'This is incorrect because the number of recursive calls is not linear.', 0),
(0xac83ba2b25e046c3b218b5d47d673fe8, 0x2f292a64385e4975bf436a728b1d9648, 'By using global variables.', 'This is not correct because recursion typically avoids the use of global variables.', 0),
(0xac856cf7863d4444b0c4a0de8fcd35bb, 0x0bae80cafee543e2981e9ef250dca80e, 'The output will be 3.', 'This is incorrect because the function returns 1 when n == 0.', 0),
(0xad583e8406774943af275600edf49da5, 0x5072c82d65fd459c90c2c110285ee6b8, '5', 'This is incorrect because it doesn\'t match the actual output of the function call.', 0),
(0xad73b788ff9d49929bc80aae21bcdd08, 0xee7b0682f7004473a9b0d7a597363158, 'true', 'The function checks if the input string is a palindrome, which it is, so the output is true.', 1),
(0xae230f1abd684488b8d4fb5c622c4c65, 0xf1a7f60cb2f84861914d08471f5373e6, 'O(1)', 'This is incorrect because the space complexity is not logarithmic.', 0),
(0xaf6ad852d5f74dadbcf106d2bf07a5ab, 0x1fc7379b5233412794a88523b2b0f308, 'To perform arithmetic operations.', 'This is not correct because the base case typically involves comparison or condition checks, not arithmetic operations.', 0),
(0xaf778b1c0e664f8ab4adc97d48062903, 0xfeb7c1f3f37e470b83c59e0bd4204e94, 'Breaking a problem into smaller, more manageable subproblems.', '\'Divide and conquer\' in recursion involves breaking a problem into smaller, more manageable subproblems.', 1),
(0xb0e50cf4332a47db8ceeef4c19db8d78, 0x547cc192d4be4ba897a1922acf5f41d6, 'The number of recursive calls is constant for all input sizes.', 'This is incorrect because the number of recursive calls varies with the input size.', 0),
(0xb18993dfdc3e41efa3a0d4b292c0a071, 0xa719da482b97463094299cf2209c8b62, 'The given code does not find the GCD.', 'This is not correct because the given code indeed finds the GCD.', 0),
(0xb22589a992a04ff08b2734b7761fa724, 0x0c985b45667d44d2aa1f28cbef8dc4e6, 'O(log n)', 'This is incorrect because the space complexity is not logarithmic.', 0),
(0xb2aa8448b9de46c49f3619c9f64e9a10, 0x4def9449dc7e45709f2b2821388c9fe9, '720', 'This is incorrect because it doesn\'t match the actual output of the function call.', 0),
(0xb4673d10bbb0424d9aaf506942093046, 0xb6ee6a9031bc483c8982c016d05e8cb7, 'The function will return 1 for negative input values.', 'The provided code correctly handles negative input values by returning 1 for such cases.', 1),
(0xb47d16f2de684547b2a6e190f5f14e64, 0xa9026d798ad24e888e794db2be01f9eb, 'The output will be 24.', 'The function calculates the factorial of a given number. So, calling mystery(4) will result in 24.', 1),
(0xb4b973da7a6e4a4a8ce153d0664c7e66, 0x547cc192d4be4ba897a1922acf5f41d6, 'The number of recursive calls is linear in the input size n.', 'This is incorrect because the number of recursive calls is not linear.', 0),
(0xb55c9e7746a74b2f829fc827a40baa4b, 0xe97f86c5eceb48f9a2c7eb9344663b2e, 'The provided code does not handle empty strings.', 'This is incorrect because the provided code handles single character and empty strings correctly.', 0),
(0xb5c84cb1478049948a2c99d299ebfce6, 0x0b31d20306b7440087aafbc6870262fe, '3', 'This is incorrect because it doesn\'t match the actual output of the function call.', 0),
(0xb6f247f813d843f98edb2c7078259e94, 0xf2fd67702fde438f9501dfcd50b8908f, 'It automatically returns null.', 'This is not correct because the absence of a base case does not automatically imply a null return.', 0),
(0xb711ea91ea9a40a582c4a2dfded92bab, 0x7a67706395e34e5794a4e48c3058af7e, 'Base case', 'A base case is essential for a recursive function to terminate.', 1),
(0xb720606200924402b895bb55b5d6079e, 0xa9280676f6ff472bae9905f0fbf4ec94, 'false', 'This is incorrect because it doesn\'t match the actual output of the function call.', 0),
(0xb954385f24d142129618cbcfeb5cfce1, 0xd5470a9dcad148c4872a7f0089546a5e, 'O(n)', 'The time complexity of the provided code is linear, as the recursive function is called n times until reaching the base case.', 1),
(0xb9d7703915d24a35816b7a0238c734a5, 0xe8aa49e9746b4e768c94b44901972222, 'The number of recursive calls is exponential in the input size n.', 'This is incorrect because the number of recursive calls is not exponential.', 0),
(0xbaef7bb8f2324d0594491183a475d7c0, 0x996cadb6193c4c21b59f8670fac998a7, 'The provided code contains logical errors.', 'This is incorrect because the provided code is logically correct.', 0),
(0xbb260129aa36407b9f0d25426198bee6, 0x0c985b45667d44d2aa1f28cbef8dc4e6, 'O(1)', 'This is incorrect because the space complexity is not constant.', 0),
(0xbc383c5a438e45f28988846814477121, 0x17f0477cfa8649ee952523cf37fa9644, 'It uses a loop.', 'This is not correct because a recursive function doesn\'t necessarily involve loops.', 0),
(0xbc5386f717a44f4886fe037e18c62afa, 0x4def9449dc7e45709f2b2821388c9fe9, '24', 'This is incorrect because it doesn\'t match the actual output of the function call.', 0),
(0xbd62b36fb2904f07bf92f0153773dd22, 0x4cb082c0d19c422789fa951f8c05868d, '720', 'This is incorrect because it doesn\'t match the actual output of the function call.', 0),
(0xbdcacde9d3b5489b9c311b21004eec03, 0x6635c77935a04026af29d31ab156b9c4, 'Simplified code structure.', 'This is not correct because recursion may not always result in a simplified code structure.', 0),
(0xbe96bd12f5c84f5cab547cabd8763554, 0x4cb082c0d19c422789fa951f8c05868d, '120', 'The function computes the factorial of 5, which equals 120.', 1),
(0xbead8326c1a34cc989071e4c1957e572, 0xd8bfc1e0f4b64568b2a698d898e34b78, 'To provide a termination condition for recursion.', 'The base case in a recursive function provides a termination condition for recursion.', 1),
(0xbed2eb56bfb4413eb0715cb8542bacf5, 0xdce7b411a20446c1b5b282650c85f558, 'The given code implements an iterative solution.', 'This is not correct because the given code implements a recursive solution, not an iterative one.', 0),
(0xbf2aed24600847289b09cffe6354f303, 0xfd853a43dbc44cea8499a3347349f29c, 'Requires less memory.', 'This is not correct because recursion may sometimes require more memory due to function call overhead.', 0),
(0xbf51bb7c14e64328af2864c29d6ccbfe, 0xb018119cb1764fe2b452f916cf89231b, 'Is difficult to implement.', 'This is not correct because while recursion may be challenging for some, it\'s not universally difficult to implement.', 0),
(0xc06a4e68c0e64bcabfbcc8b5b0251ae5, 0x9c0c211665b44037bac89af477845723, 'Queue', 'This is not correct because a queue is not typically used for recursion.', 0),
(0xc18ff889eac3453c9543af9e4dde8a1b, 0xdce7b411a20446c1b5b282650c85f558, 'The given code contains compilation errors.', 'This is not correct because the given code is free of compilation errors.', 0),
(0xc1a892a7b492494ea860966d4a4d749d, 0x43c213aa0c734e15b8a728a5dadfc414, 'The given code contains logic errors.', 'This is not correct because the given code is logically correct.', 0),
(0xc30c3fe776e349ad9ad8af9d8d2665e2, 0x4a88d19b54cd42489eac2ead4c682f17, 'O(log n)', 'This is incorrect because the time complexity is not logarithmic; it\'s exponential.', 0),
(0xc3a720c18c4a4e8ca22ba9300727dcc2, 0x33daf0b5fba74afe98e2f1346768e42a, 'A function iterates over a collection using a loop.', 'This is not correct because recursion is distinct from iteration.', 0),
(0xc4a94c5a294d4beababdb43c19276fb1, 0xf6a23487296a4c48a1076c3e58a97811, 'The provided code does not handle empty arrays.', 'This is incorrect because the provided code handles the base case correctly.', 0),
(0xc4bce9737edc4d81aa711aec286cbcaa, 0xb4f1c077a9734b88af9fd60e03a499c0, 'To store the base case.', 'This is not correct because the call stack does not store the base case itself; it tracks function calls.', 0),
(0xc4f21a5032bd452d97dd5f1e4a6c94b5, 0x81a9f671999f4aef9dcb404f088f7130, 'Iterating through a linked list using recursion.', 'This is not correct because iterating through a linked list using recursion is an example of a recursive approach.', 0),
(0xc59b05c0b1864d05938e36f9adc65ef9, 0xb4f1c077a9734b88af9fd60e03a499c0, 'To keep track of function calls and their local variables.', 'The call stack in a recursive function keeps track of function calls and their local variables, enabling the function to return to the correct execution point after a recursive call.', 1),
(0xc61119f57bd54624b351f971d4fc61cd, 0xad971f97ed1b4510b66b25c4c2234411, 'The output will be 1.', 'This is incorrect because the function calculates the factorial of odd numbers.', 0),
(0xc701c11a9d514646912d8f2f4bcfee4f, 0x2a2c82240bd14eaaade1d84137e07602, 'The provided code will result in a stack overflow for large arrays.', 'This is incorrect because the provided code is tail-recursive and won\'t result in a stack overflow for large inputs.', 0),
(0xc7031ba9f4c54549be0d0c1b4359f62f, 0xdab0e556ffe34063b3052b87910fc7a7, 'The provided code does not handle negative numbers.', 'This is incorrect because the provided code handles the base case correctly.', 0),
(0xc749f6d930eb4753b7c32b6b364508ca, 0xa9280676f6ff472bae9905f0fbf4ec94, 'true', 'The function checks if the input string is a palindrome, which it is, so the output is true.', 1),
(0xc7b7ac9f4c7e4ad9b60b6913a45a750a, 0x5f5a17d32c0743aaa280267c513816a7, 'A function calls itself directly or indirectly in order to solve a problem.', 'Recursion involves a function calling itself directly or indirectly to solve a problem, often involving smaller instances of the same problem.', 1),
(0xc7dd239c7db44ddcb7086dd84d5a65eb, 0xde881f531a5b40de939a17d92957141e, 'O(log n)', 'This is incorrect because the time complexity is not logarithmic.', 0),
(0xc8e759d52f5a49cd88f92d18cf8e0ea6, 0x17f0477cfa8649ee952523cf37fa9644, 'It does not have parameters.', 'This is not correct because recursive functions commonly have parameters.', 0),
(0xc955d7e4c65c4cf492ea1680340373df, 0xb3fec63ef37545f4a6a9b5250f4cc040, '8', 'This is incorrect because it doesn\'t match the actual output of the function call.', 0),
(0xc97c1a4bca644c7d90b95d2b72c1d366, 0xac56dccca6cd492b9688dc53d46832f7, 'They cannot call themselves.', 'This is not correct because recursive functions indeed call themselves.', 0),
(0xcbcf988254fb4fa7868117bdc685f078, 0x131bb395aeea4eb4b400d7c12b153f6d, 'The output will be 1.', 'The function recursively calls itself with n / 2 until n becomes 0. So, calling mystery(4) will result in 1.', 1),
(0xcd217d8ba41c4825b5d6035568cfc45f, 0x5071190121cb41c0b05f47271add5b48, 'The output will be 6.', 'This is incorrect because the function returns 0 for n <= 0.', 0),
(0xcd5ee61746684a6bb99a4956cba9724b, 0x0bb7a32e166448f4abb2229911929755, 'The given code contains syntax errors.', 'This is not correct because the given code is syntactically correct.', 0),
(0xcede379e2e6d42c0a846991bc281cf57, 0x8747c41946404ccab00c3c9fdfc75f13, 'O(n)', 'The space complexity of the provided code is linear, as it requires additional memory proportional to the input size to store intermediate results in the call stack.', 1),
(0xd12ec70c44754c6cb88307c7f1b02ade, 0xd5470a9dcad148c4872a7f0089546a5e, 'O(n^2)', 'This is incorrect because the time complexity is not quadratic.', 0),
(0xd18cdb00fbcf4b3d95f3e7d77cb28814, 0xeaa083eb63664a9f840b02c26cedd5f4, 'Call stack', 'The call stack is typically used to manage recursive function calls.', 1),
(0xd1c74f62173049de9dcaab130eb6a9e7, 0xdce7b411a20446c1b5b282650c85f558, 'The given code correctly implements a recursive method to calculate the sum of all elements in an integer array.', 'The given code correctly implements a recursive method to calculate the sum of all elements in an integer array by calling itself with a decreasing index.', 1),
(0xd27257c96cb246888888a1c3537ac908, 0x54a077f4f1764a7f8b4e2f3b0dd857ec, 'The provided code contains syntax errors.', 'This is incorrect because the provided code is syntactically correct.', 0),
(0xd3e539901e7145ca9bca4eb066ccb6e0, 0xd0d167c668744a6ea89940a26accd22f, 'The function evaluates the base case.', 'This is incorrect. The recursive step is separate from evaluating the base case.', 0),
(0xd425ce71b5104a92b1f115fbb2a9b1b7, 0x8747c41946404ccab00c3c9fdfc75f13, 'O(1)', 'This is incorrect because the space complexity is not constant.', 0),
(0xd5876b45dcc2496ba5011e3eff4b5279, 0x9c0c211665b44037bac89af477845723, 'Array', 'This is not correct because an array is not commonly used for recursion.', 0),
(0xd608b050021844beaa3e918567ebee22, 0x5f5a17d32c0743aaa280267c513816a7, 'A function uses a loop construct to execute a set of instructions.', 'This is incorrect. Recursion does not necessarily involve loop constructs.', 0),
(0xd86ef9687af24e35b3819fb07d97d95a, 0x7a67706395e34e5794a4e48c3058af7e, 'Global variables', 'This is not correct because global variables are not directly related to the termination of recursive functions.', 0),
(0xd9326fe24d6646649bb98963ae88d7d5, 0xb3d2a504651543db9bdc003f409b48c1, 'The provided code does not handle negative numbers.', 'This is incorrect because the provided code handles the base case correctly.', 0),
(0xda5a89e588ab4c11b87bad7640695bfa, 0x33daf0b5fba74afe98e2f1346768e42a, 'A function calls another function.', 'This is not correct because recursion involves a function calling itself, not another function.', 0),
(0xda94e46612ab4ae1b0e0d154f0cbabf6, 0x8f08cba1e4944aa085f430f346d278f8, 'O(n)', 'This is incorrect because the time complexity of the provided code is exponential.', 0),
(0xdab333c5ed9f43e881c0cce12f94d276, 0x728a5deeb211462c949231af09011f72, 'The provided code will result in a stack overflow for large inputs.', 'This is incorrect because the provided code is tail-recursive and won\'t result in a stack overflow for large inputs.', 0),
(0xdae7c2bb6e1e45a6891d211a8f3f9003, 0xfeaabafa9c7f4525a24594d1e7651415, 'The provided code will result in a stack overflow for large sets.', 'This is incorrect because the provided code is tail-recursive and won\'t result in a stack overflow for large inputs.', 0),
(0xdb887e59abc54c308b91e08ca59b4114, 0x9d97583e32fe44d48bcccd837ea4afd7, 'It will result in infinite recursion.', 'Without a base case, the recursive function will continue to call itself indefinitely, resulting in infinite recursion.', 1),
(0xdbeaf857d2054202b092712cc130429b, 0xef8fecd8fcac42c99b664f8504db4b3c, 'The provided code contains syntax errors.', 'This is incorrect because the provided code is syntactically correct.', 0),
(0xdc7cf9e0913143e98738c01820a270bd, 0xe6c48e9c262c4ff18e27c20de4e95290, 'The provided code contains logical errors.', 'This is incorrect because the provided code is logically correct.', 0),
(0xdca25fbbf1154094b6207848dde44fc7, 0x3e26798a4a664da8b5f1da74ea374bbd, 'It keeps track of function calls and their local variables.', 'The stack keeps track of function calls and their local variables, allowing for the management of recursive function execution.', 1),
(0xdcb611e8da594923818691dbd9b778ce, 0x6635c77935a04026af29d31ab156b9c4, 'Increased performance.', 'This is not correct because recursion may sometimes result in decreased performance.', 0),
(0xdcca6ea4d63343ec8c79b5a45c1cd927, 0x295166a1b4d4446d9532dc44881e73c8, 'The given code correctly implements a recursive method to generate all permutations of a given string.', 'The given code correctly implements a recursive method to generate all permutations of a given string by generating permutations recursively.', 1),
(0xdccb3560a74741719ef1e94b38109678, 0x4cb082c0d19c422789fa951f8c05868d, '24', 'This is incorrect because it doesn\'t match the actual output of the function call.', 0),
(0xdd895d033bfc449f8a06c06ee642e1b5, 0xeb7910bfbe20458a8c6188da301d72af, 'The purpose is to reverse an array in-place.', 'The purpose of the provided code is correctly identified as reversing an array in-place using recursion.', 1),
(0xde8cc74594d64c39adc51f636046d1b7, 0xfd853a43dbc44cea8499a3347349f29c, 'Avoids the use of loops.', 'This is not correct because recursion is a different approach rather than an alternative to loops.', 0),
(0xdf2e3db072c343c08b64c693fd12c9c2, 0x996cadb6193c4c21b59f8670fac998a7, 'The provided code will result in a stack overflow for large arrays.', 'This is incorrect because the provided code is tail-recursive and won\'t result in a stack overflow for large inputs.', 0),
(0xe03d9e12c965416c8a0805d31761db27, 0x9d97583e32fe44d48bcccd837ea4afd7, 'It will terminate immediately.', 'This is incorrect. Without a base case, the function does not terminate immediately.', 0),
(0xe0aab551b2474d1c98029efcee595782, 0x34248401f5454e71a2687040430b8809, '5', 'This is incorrect because it doesn\'t match the actual output of the function call.', 0),
(0xe136704e7ce44176a0fe26f317ad8552, 0x222407e7d5cd42a0b5949ae8b5648a96, 'The given code implements an iterative solution.', 'This is not correct because the given code implements a recursive solution, not an iterative one.', 0),
(0xe1a632e24eeb4bc597029cf5de131836, 0xcf516b1fc9bf4d37a5e60c4a012a4aa3, 'The given code has logical errors.', 'This is not correct because the given code is logically sound.', 0),
(0xe1f7b185b6e647ad8b739896957a6528, 0xf5fefc5282cc4e789a173aaa5c7176a1, 'O(2^n)', 'This is incorrect because the time complexity is not exponential.', 0),
(0xe270d1dc406843499ac1038c4de30588, 0xbfee08e56f2a4ddda85dcafe156898ef, 'O(n^2)', 'This is incorrect because the time complexity is not quadratic.', 0),
(0xe3411cd8a3344a638c0245a70de9dd78, 0x4305b4e841b147669f9bb00ecbc803c4, 'The provided code correctly checks if the string is a palindrome.', 'The provided code correctly implements the palindrome checking function using recursion.', 1),
(0xe34c156091c1403b91f1446f019c4bc0, 0xa89308fde83c48f1aa6b214c55c1cad0, 'When the recursive function returns a value.', 'This is not correct because tail recursion is about the position of the recursive call, not about returning a value.', 0),
(0xe3ef618bee43435786a7558a717d5fa7, 0xdd3078b7d49d496b92877c7c58138fd0, 'O(1)', 'This is incorrect because the space complexity is not constant.', 0),
(0xe5c56fa5e2fe401c9a76985a46c148c5, 0x43c213aa0c734e15b8a728a5dadfc414, 'The given code correctly implements a recursive function to compute the nth Fibonacci number.', 'The given code correctly implements a recursive function to compute the nth Fibonacci number by calling itself recursively with smaller arguments.', 1),
(0xe6402c712a8144839cafb71529a9b466, 0x3e654a82a2e04785ac4212c17ff937fc, '8', 'This is incorrect because it doesn\'t match the actual output of the function call.', 0),
(0xe662c9da0d254b8380690c75ffa7d840, 0x3abff3a3e60e4bfaaaa6eb910e3a0dfd, 'The output will be 11.', 'This is the correct answer because calling mystery(5) will result in 1 + 3 + 5 = 9.', 1),
(0xe666e0fd3cd74ba892959d96c2fa0ca7, 0xd09fa6989e3948f8b0018191ecda847b, 'The output will be 120.', 'This is incorrect because the function calculates the factorial of the input.', 1),
(0xe6b4786973e8429eab982502852064c0, 0x2a2c82240bd14eaaade1d84137e07602, 'The provided code correctly calculates the sum of all elements in an integer array.', 'The provided code correctly implements the array sum function using recursion.', 1),
(0xe7bfbb14befd4be9898607487efe0e7a, 0x24b23912b61243ebb01ab6ca50eea551, 'O(n^2)', 'This is incorrect because the time complexity is not quadratic.', 0),
(0xe7cd58d6af3b4791a9e29235c650395c, 0xe6c48e9c262c4ff18e27c20de4e95290, 'The provided code does not handle empty arrays.', 'This is incorrect because the provided code handles the base case correctly.', 0),
(0xe85f73770f214210a0f5f8782c3c0952, 0x15de8bde346d4d94bddc14f22aeda301, 'The given code does not calculate the Fibonacci sequence.', 'This is not correct because the given code indeed calculates the Fibonacci sequence.', 0),
(0xe96ebf218ce84c2ab6abfc81aceb4e4b, 0x728a5deeb211462c949231af09011f72, 'The provided code correctly generates all valid parentheses combinations for a given n.', 'The provided code correctly implements the parentheses generation function using recursion.', 1),
(0xe9b86141d8a24c07aaf5c699ce9f323a, 0xb5247041d964428a8fb267b90c81a2be, 'The provided code will result in a stack overflow for large inputs.', 'This is incorrect because the provided code is tail-recursive and won\'t result in a stack overflow for large inputs.', 0),
(0xe9ca172567164a30a7dc167ab12f0649, 0xb3fec63ef37545f4a6a9b5250f4cc040, '4', 'The function computes the greatest common divisor of 12 and 8, which is 4.', 1),
(0xea0134976b1445059dd8b422bc4051d2, 0x4f4903c02f3e4741923af4c67e32422c, 'The recursive call is the last operation in the function.', 'In tail recursion, the recursive call is the last operation in the function.', 1),
(0xea163adbd7e54449ae0fbb8fc09b3491, 0x9c3e2f1cddf047a3a8609c86d07fa9a1, 'The output will be \'eh\'.', 'This is incorrect because the function recursively reverses the entire string \'s\'.', 0),
(0xebbd4f9f73574eddbcf60aea2a46260d, 0x7a67706395e34e5794a4e48c3058af7e, 'Function arguments', 'This is not correct because function arguments are used within the recursive calls but are not directly related to termination.', 0),
(0xebeda99bb58f4d57bcb0d0de778bb11d, 0xf2fd67702fde438f9501dfcd50b8908f, 'It may result in infinite recursion.', 'If a recursive function lacks a base case, it may result in infinite recursion, where the function calls itself indefinitely without termination.', 1),
(0xec28780f6c534cd097e9576eaf9a4eb4, 0x3a5c691fc19648708aaabd88a114113c, 'The provided code contains logical errors.', 'This is incorrect because the provided code is logically correct.', 0),
(0xec5c6b4c7ac2422cb1113b6d8434ec30, 0xd0d167c668744a6ea89940a26accd22f, 'The function performs an iterative loop.', 'This is incorrect. Recursive functions do not typically involve iterative loops within the function.', 0),
(0xecca86606cb5431fa8c856fe98fc7daf, 0xa89308fde83c48f1aa6b214c55c1cad0, 'When the recursive call is the last operation in a function.', 'Tail recursion refers to a situation where the recursive call is the last operation in a function.', 1),
(0xeec71b8cc6424a87910de2f610eea57c, 0xbfee08e56f2a4ddda85dcafe156898ef, 'O(n)', 'The time complexity of the provided code is linear, as the recursive function is called n times until reaching the base case.', 1),
(0xef10a20abe644a4d956e47069719ebf8, 0x5b58d4905c1344c68e0e52bbe288fc5b, 'By reducing the need for base cases.', 'This is not correct because the presence of base cases is crucial for recursion to work correctly; it doesn\'t reduce the need for them.', 0),
(0xef1f132271aa41459647f0bacbd3aad5, 0xeaa083eb63664a9f840b02c26cedd5f4, 'Linked list', 'This is not correct because a linked list is not typically used for managing recursive calls.', 0),
(0xf0abace5baf74288aaaabd6f18aad19b, 0x1973d7c3169d4d74904b6b85a0d6f1fe, 'The provided code is a correct implementation to find the sum of digits of a number.', 'The provided code correctly implements the sum of digits function using recursion.', 1),
(0xf0b91890f9f54320875d39b1e6ae9024, 0x37a0fc27f4b945bca436755e149324c1, '9', 'This is incorrect because it doesn\'t match the actual output of the function call.', 0),
(0xf1c72b02cd2e40e3bd9e1c67bfa9c8bb, 0x25877d0fb5464a9dafa805caa1d7dc73, 'The provided code does not handle empty strings.', 'This is incorrect because the provided code handles the base case correctly.', 0),
(0xf2b03670c8e44f28a406e03dcb2fcef9, 0x81a9f671999f4aef9dcb404f088f7130, 'Calculating the factorial of a number.', 'Calculating the factorial of a number is an example of a recursive function as it calls itself with a smaller argument.', 1),
(0xf2d415724d6d40a4b9de192e492cc34c, 0x51dfd6acc98349cbab04bcb2e768d0a1, 'It results in a null pointer exception.', 'This is not correct because infinite recursion does not necessarily result in a null pointer exception.', 0),
(0xf2e01b65927a46399cfaa29bc1cdf36b, 0xbc0abe916c18462b837ecf28fa046ce5, 'The given code does not calculate the sum of digits.', 'This is not correct because the given code indeed calculates the sum of digits.', 0),
(0xf3198147e90c4c51ab3baa3c8bbb4757, 0xb3d2a504651543db9bdc003f409b48c1, 'The provided code will result in a stack overflow for large inputs.', 'This is incorrect because the provided code is tail-recursive and won\'t result in a stack overflow for large inputs.', 0),
(0xf31f332f21e8450a846e57ec566d24a0, 0xb4643d811817456c82b83244027d89f0, 'O(log n)', 'This is incorrect because the time complexity is not logarithmic.', 0),
(0xf437330aafa347dd9e8f4c7c9ec3a620, 0x222407e7d5cd42a0b5949ae8b5648a96, 'The given code correctly implements a recursive function to check if a given string is a palindrome.', 'The given code correctly implements a recursive function to check if a given string is a palindrome by comparing characters from both ends.', 1),
(0xf49da25b7de94a1aa80ed15f5f4b8dee, 0x3e26798a4a664da8b5f1da74ea374bbd, 'It ensures that the function always returns a value.', 'This is incorrect. The stack\'s role is not related to ensuring the function always returns a value.', 0),
(0xf4e294365a054900acd7a85a4eb8a4fd, 0x1fc7379b5233412794a88523b2b0f308, 'To handle edge cases.', 'This is not correct because while a base case may handle edge cases, its primary purpose is to terminate the recursion.', 0),
(0xf5628bd2b3bf4c1088966bc8cb61279e, 0x03bd421dabc8455599ffa5c395b984ad, 'O(log n)', 'This is incorrect because the time complexity is not logarithmic.', 0),
(0xf56e5732412d42ac8d8ce58eee60a2b6, 0x1155b603fb6c444692fe4e2e393af061, 'O(n^2)', 'This is incorrect because the time complexity of the function is not quadratic.', 0),
(0xf5d790ac4b1843fe9c0cc594bb3d1374, 0xa719da482b97463094299cf2209c8b62, 'The given code implements an iterative solution.', 'This is not correct because the given code implements a recursive solution, not an iterative one.', 0),
(0xf5e7d479dbaf4bc28cc04e5a115936a2, 0x3abff3a3e60e4bfaaaa6eb910e3a0dfd, 'The output will be 12.', 'This is incorrect because the function calculates the sum of all odd numbers up to the given input.', 0),
(0xf69f886a73ea4341b7fb06e4f0a17d80, 0xee7b0682f7004473a9b0d7a597363158, 'Error', 'This is incorrect because it doesn\'t match the actual output of the function call.', 0),
(0xf6a54976b6ad4c5ab645dce9aeb22019, 0x6ee752733a1d4e79857e213b0b6fd703, 'The provided code correctly calculates the GCD of two integers.', 'The provided code correctly implements the GCD calculation function using recursion.', 1),
(0xf6a9a0f961d64fb4bf9c8ccdbd4e2433, 0x5b58d4905c1344c68e0e52bbe288fc5b, 'By avoiding the use of loops entirely.', 'This is not correct because recursion can coexist with loops and sometimes may even be implemented using loops.', 0),
(0xf6c47e7ba52e40f0810517c92d44b61d, 0x6635c77935a04026af29d31ab156b9c4, 'Better memory management.', 'This is not correct because recursion may not always lead to better memory management.', 0),
(0xf761139b3bf84745844b37b867166567, 0x17f0477cfa8649ee952523cf37fa9644, 'It calls itself.', 'The key characteristic of a recursive function is that it calls itself.', 1),
(0xf76b5f46d9c5476bbafb9dde59748b35, 0x67246234195543ccaf3379112bb31795, 'The provided code will result in a stack overflow for large inputs.', 'This is incorrect because the provided code is tail-recursive and won\'t result in a stack overflow for large inputs.', 0),
(0xf799ca7ddd05460589bd3fc22cfd974d, 0xe8aa49e9746b4e768c94b44901972222, 'The number of recursive calls is logarithmic in the input size n.', 'The number of recursive calls made by the provided code is logarithmic in the input size n, as it reduces the problem size by approximately half with each recursive call.', 1),
(0xf7ed9d2b4b844545bff1aecaad8e29bd, 0x195da52abcd743d7bbd59df6551e07f9, 'The provided code contains logical errors.', 'This is incorrect because the provided code is logically correct.', 0),
(0xf85179ba14cc4aa587670c93b1c15531, 0x295166a1b4d4446d9532dc44881e73c8, 'The given code does not generate permutations.', 'This is not correct because the given code indeed generates permutations.', 0),
(0xf871a171bb0541db87b0f206847bcd83, 0xf3232770df1146f8807ae9321695c78f, 'The provided code will result in a stack overflow for large inputs.', 'This is incorrect because the provided code is tail-recursive and won\'t result in a stack overflow for large inputs.', 0),
(0xfa5fc1670e554a84bcddecb011fc7295, 0xf1a7f60cb2f84861914d08471f5373e6, 'O(log n)', 'This is incorrect because the space complexity is linear.', 0),
(0xfab575b72c474a758995c72bdac6f5a9, 0x6d664363ed7e45e5a0636897b0e163cc, 'O(n)', 'The worst-case time complexity of the provided code is linear, as it iterates through half of the characters in the string to check for palindromicity.', 1),
(0xfabf0f87eedb48ad94c9ba1ac8c2a28a, 0x511c37dea50d40f880b4e6e7596f2d38, '4', 'The function computes the greatest common divisor of 12 and 8, which is 4.', 1),
(0xfafc8c51612f4ba5b3b62d8fc7a35640, 0x6ee752733a1d4e79857e213b0b6fd703, 'The provided code will result in a stack overflow for large inputs.', 'This is incorrect because the provided code is tail-recursive and won\'t result in a stack overflow for large inputs.', 0),
(0xfbfc5a6edaf6424bba14a3b1bcc7942b, 0x03bd421dabc8455599ffa5c395b984ad, 'O(n)', 'The worst-case time complexity of the provided code is linear, as it iterates through half of the characters in the string to check for palindromicity.', 1),
(0xfc030670532d4b7894ba044825bf4b04, 0xb018119cb1764fe2b452f916cf89231b, 'Requires more memory.', 'This is not correct because recursion may sometimes require less memory depending on the implementation.', 0),
(0xfc870cdda31f4af8ab378efd7b0af69e, 0xb6ee6a9031bc483c8982c016d05e8cb7, 'The function will result in a stack overflow due to infinite recursion.', 'This is incorrect because the function handles negative input values appropriately.', 0),
(0xfd0a1eb1de854a46b823c89e3824892d, 0x5072c82d65fd459c90c2c110285ee6b8, '8', 'This is incorrect because it doesn\'t match the actual output of the function call.', 0),
(0xfd21ce0386fa4571b4a184fe40327f91, 0x4cb082c0d19c422789fa951f8c05868d, '5040', 'This is incorrect because it doesn\'t match the actual output of the function call.', 0),
(0xfd40f7396f7645d38a8c6159afff51a9, 0x511c37dea50d40f880b4e6e7596f2d38, '8', 'This is incorrect because it doesn\'t match the actual output of the function call.', 0);

-- --------------------------------------------------------

--
-- Table structure for table `question`
--

CREATE TABLE `question` (
  `questionID` binary(16) NOT NULL,
  `topicID` binary(16) NOT NULL,
  `assignedDifficulty` int NOT NULL,
  `modifiedDifficulty` decimal(3,2) NOT NULL,
  `categoryID` binary(16) NOT NULL,
  `assignedCompletionTime` int NOT NULL,
  `modifiedCompletionTime` decimal(5,2) NOT NULL,
  `question` text NOT NULL,
  `code` text
) ENGINE=InnoDB DEFAULT CHARSET=utf8mb4 COLLATE=utf8mb4_0900_ai_ci;

--
-- Dumping data for table `question`
--

INSERT INTO `question` (`questionID`, `topicID`, `assignedDifficulty`, `modifiedDifficulty`, `categoryID`, `assignedCompletionTime`, `modifiedCompletionTime`, `question`, `code`) VALUES
(0x03bd421dabc8455599ffa5c395b984ad, 0xe990eeba5d434251a2ced1c43c294048, 1, 0.89, 0x8ee7ae7d88b1405da29123f10e8cdcab, 90, 90.00, 'Analyze the provided Java code snippet. What is the worst-case time complexity of the function?', 'public boolean isPalindrome(String s) {\n    if (s.length() <= 1)\n        return true;\n    else\n        return s.charAt(0) == s.charAt(s.length() - 1) && isPalindrome(s.substring(1, s.length() - 1));\n}'),
(0x0b31d20306b7440087aafbc6870262fe, 0xe990eeba5d434251a2ced1c43c294048, 1, 0.55, 0xc3122318a52b4221b00942a1aecbc657, 60, 60.00, 'Evaluate the given Java code snippet. What will be the output of the function call for input 3?', 'public int fibonacci(int n) {\n    if (n <= 1)\n        return n;\n    else\n        return fibonacci(n - 1) + fibonacci(n - 2);\n}\n\nSystem.out.println(fibonacci(3));'),
(0x0bae80cafee543e2981e9ef250dca80e, 0xe990eeba5d434251a2ced1c43c294048, 0, 0.30, 0xc3122318a52b4221b00942a1aecbc657, 60, 60.00, 'Consider the following recursive function in Java. What will be the output when calling mystery(4)?\n\n```java\npublic int mystery(int n) {\n    if (n == 0)\n        return 1;\n    else\n        return mystery(n / 2);\n}\n```', 'public int mystery(int n) {\n    if (n == 0)\n        return 1;\n    else\n        return mystery(n / 2);\n}'),
(0x0bb7a32e166448f4abb2229911929755, 0xe990eeba5d434251a2ced1c43c294048, 0, 0.30, 0x417786202cd94eb89655c67365551278, 100, 100.00, 'Write a recursive Java method to find the maximum element in an integer array.', 'public class MaxElement {\n    public int findMax(int[] arr, int index) {\n        if (index == arr.length - 1)\n            return arr[index];\n        else\n            return Math.max(arr[index], findMax(arr, index + 1));\n    }\n}'),
(0x0c985b45667d44d2aa1f28cbef8dc4e6, 0xe990eeba5d434251a2ced1c43c294048, 1, 0.91, 0x8ee7ae7d88b1405da29123f10e8cdcab, 90, 90.00, 'Analyze the following Java code snippet. What is the space complexity of the function?', 'public int fibonacci(int n) {\n    if (n <= 1)\n        return n;\n    else\n        return fibonacci(n - 1) + fibonacci(n - 2);\n}'),
(0x1155b603fb6c444692fe4e2e393af061, 0xe990eeba5d434251a2ced1c43c294048, 0, 0.15, 0xc3122318a52b4221b00942a1aecbc657, 60, 60.00, 'What is the time complexity of the following recursive function in terms of Big O notation?\n\n```java\npublic int recursiveFunc(int n) {\n    if (n <= 1)\n        return n;\n    else\n        return recursiveFunc(n - 1) + recursiveFunc(n - 2);\n}\n```', 'public int recursiveFunc(int n) {\n    if (n <= 1)\n        return n;\n    else\n        return recursiveFunc(n - 1) + recursiveFunc(n - 2);\n}'),
(0x131bb395aeea4eb4b400d7c12b153f6d, 0xe990eeba5d434251a2ced1c43c294048, 0, 0.30, 0x8ee7ae7d88b1405da29123f10e8cdcab, 60, 60.00, 'Consider the following recursive function in Java. What will be the output when calling mystery(4)?\n\n```java\npublic int mystery(int n) {\n    if (n == 0)\n        return 1;\n    else\n        return mystery(n / 2);\n}\n```', 'public int mystery(int n) {\n    if (n == 0)\n        return 1;\n    else\n        return mystery(n / 2);\n}'),
(0x15de8bde346d4d94bddc14f22aeda301, 0xe990eeba5d434251a2ced1c43c294048, 0, 0.20, 0x417786202cd94eb89655c67365551278, 80, 80.00, 'Write a Java method that recursively calculates the nth term of the Fibonacci sequence.', 'public class Fibonacci {\n    public int calculateFibonacci(int n) {\n        if (n <= 1)\n            return n;\n        else\n            return calculateFibonacci(n - 1) + calculateFibonacci(n - 2);\n    }\n}'),
(0x162ec512c41843dc92686c2ec2f63e48, 0xe990eeba5d434251a2ced1c43c294048, 1, 0.60, 0xc3122318a52b4221b00942a1aecbc657, 60, 60.00, 'Evaluate the given Java code snippet. What will be the output of the function call for input 5?', 'public int factorial(int n) {\n    if (n <= 1)\n        return 1;\n    else\n        return n * factorial(n - 1);\n}\n\nSystem.out.println(factorial(5));'),
(0x17f0477cfa8649ee952523cf37fa9644, 0xe990eeba5d434251a2ced1c43c294048, 0, 0.10, 0x8c2b51fd6b3a4d7a8fc2b0a071055062, 30, 30.00, 'What is the key characteristic of a recursive function?', NULL),
(0x195da52abcd743d7bbd59df6551e07f9, 0xe990eeba5d434251a2ced1c43c294048, 0, 0.20, 0x1a1bbffc6fef44e1bbb98dc0726c2018, 90, 90.00, 'Write a recursive function in Java to calculate the sum of all even numbers up to a given limit.', 'public int evenSum(int n) {\n    if (n <= 0)\n        return 0;\n    else\n        return (n % 2 == 0 ? n : 0) + evenSum(n - 1);\n}'),
(0x1973d7c3169d4d74904b6b85a0d6f1fe, 0xe990eeba5d434251a2ced1c43c294048, 0, 0.15, 0x1a1bbffc6fef44e1bbb98dc0726c2018, 90, 90.00, 'Create a recursive function in Java to find the sum of digits of a given number.', 'public int digitSum(int n) {\n    if (n == 0)\n        return 0;\n    else\n        return n % 10 + digitSum(n / 10);\n}'),
(0x1fc7379b5233412794a88523b2b0f308, 0xe990eeba5d434251a2ced1c43c294048, 0, 0.35, 0x8c2b51fd6b3a4d7a8fc2b0a071055062, 55, 55.00, 'What is the primary purpose of a base case in a recursive function?', NULL),
(0x20664ad5fbc947a08f078ba91df431ae, 0xe990eeba5d434251a2ced1c43c294048, 1, 0.75, 0x8ee7ae7d88b1405da29123f10e8cdcab, 90, 90.00, 'Analyze the given Java code snippet. What is the time complexity of the recursive function?', 'public int fibonacci(int n) {\n    if (n <= 1)\n        return n;\n    else\n        return fibonacci(n - 1) + fibonacci(n - 2);\n}'),
(0x20955d041cc540e3b78b0a044c7e5833, 0xe990eeba5d434251a2ced1c43c294048, 0, 0.15, 0x417786202cd94eb89655c67365551278, 70, 70.00, 'Implement a recursive Java function to calculate the number of trailing zeroes in the factorial of a positive integer.', 'public class TrailingZeroes {\n    public int countTrailingZeroes(int n) {\n        if (n < 5)\n            return 0;\n        else\n            return n / 5 + countTrailingZeroes(n / 5);\n    }\n}'),
(0x222407e7d5cd42a0b5949ae8b5648a96, 0xe990eeba5d434251a2ced1c43c294048, 0, 0.25, 0x417786202cd94eb89655c67365551278, 90, 90.00, 'Implement a recursive Java function to check if a given string is a palindrome.', 'public class PalindromeChecker {\n    public boolean isPalindrome(String str) {\n        if (str.length() <= 1)\n            return true;\n        else if (str.charAt(0) != str.charAt(str.length() - 1))\n            return false;\n        else\n            return isPalindrome(str.substring(1, str.length() - 1));\n    }\n}'),
(0x24b23912b61243ebb01ab6ca50eea551, 0xe990eeba5d434251a2ced1c43c294048, 1, 0.87, 0x8ee7ae7d88b1405da29123f10e8cdcab, 90, 90.00, 'Analyze the provided Java code snippet. What is the time complexity of the recursive function?', 'public int factorial(int n) {\n    if (n <= 1)\n        return 1;\n    else\n        return n * factorial(n - 1);\n}'),
(0x25877d0fb5464a9dafa805caa1d7dc73, 0xe990eeba5d434251a2ced1c43c294048, 0, 0.45, 0x1a1bbffc6fef44e1bbb98dc0726c2018, 120, 120.00, 'Implement a recursive function in Java to generate all possible combinations of a given string.', 'public void generateCombinations(String s, int index, String current, List<String> result) {\n    if (index == s.length()) {\n        result.add(current);\n        return;\n    }\n    generateCombinations(s, index + 1, current + s.charAt(index), result);\n    generateCombinations(s, index + 1, current, result);\n}'),
(0x295166a1b4d4446d9532dc44881e73c8, 0xe990eeba5d434251a2ced1c43c294048, 0, 0.30, 0x417786202cd94eb89655c67365551278, 100, 100.00, 'Write a recursive Java method to generate all permutations of a given string.', 'public class Permutations {\n    public void generatePermutations(String prefix, String str) {\n        int n = str.length();\n        if (n == 0)\n            System.out.println(prefix);\n        else {\n            for (int i = 0; i < n; i++)\n                generatePermutations(prefix + str.charAt(i), str.substring(0, i) + str.substring(i + 1, n));\n        }\n    }\n}'),
(0x2a2c82240bd14eaaade1d84137e07602, 0xe990eeba5d434251a2ced1c43c294048, 0, 0.45, 0x1a1bbffc6fef44e1bbb98dc0726c2018, 90, 90.00, 'Implement a recursive function in Java to calculate the sum of all elements in an integer array.', 'public int arraySum(int[] arr, int index) {\n    if (index < 0)\n        return 0;\n    else\n        return arr[index] + arraySum(arr, index - 1);\n}'),
(0x2f292a64385e4975bf436a728b1d9648, 0xe990eeba5d434251a2ced1c43c294048, 0, 0.35, 0x9cd2d9f7b6b746b6948b66ebb6b71486, 55, 55.00, 'How does recursion help in solving problems with repeated subproblems?', NULL),
(0x30e8f0ac4d0e4033bb6c287877297ddc, 0xe990eeba5d434251a2ced1c43c294048, 1, 0.88, 0x8ee7ae7d88b1405da29123f10e8cdcab, 90, 90.00, 'Analyze the provided Java code snippet. What is the space complexity of the recursive function?', 'public int factorial(int n) {\n    if (n <= 1)\n        return 1;\n    else\n        return n * factorial(n - 1);\n}'),
(0x33daf0b5fba74afe98e2f1346768e42a, 0xe990eeba5d434251a2ced1c43c294048, 0, 0.10, 0x9cd2d9f7b6b746b6948b66ebb6b71486, 30, 30.00, 'Which of the following best describes the process of recursion?', NULL),
(0x34248401f5454e71a2687040430b8809, 0xe990eeba5d434251a2ced1c43c294048, 1, 0.55, 0xc3122318a52b4221b00942a1aecbc657, 60, 60.00, 'Evaluate the given Java code snippet. What will be the output of the function call for input 4?', 'public int fibonacci(int n) {\n    if (n <= 1)\n        return n;\n    else\n        return fibonacci(n - 1) + fibonacci(n - 2);\n}\n\nSystem.out.println(fibonacci(4));'),
(0x37125837cc1d40e9adeb5c1bdef99b05, 0xe990eeba5d434251a2ced1c43c294048, 1, 0.50, 0x8ee7ae7d88b1405da29123f10e8cdcab, 60, 60.00, 'What does it mean if a recursive function exhibits tail recursion?', NULL),
(0x37a0fc27f4b945bca436755e149324c1, 0xe990eeba5d434251a2ced1c43c294048, 1, 0.60, 0xc3122318a52b4221b00942a1aecbc657, 60, 60.00, 'Evaluate the following Java code snippet. What will be the output of the function call for input 3?', 'public int factorial(int n) {\n    if (n <= 1)\n        return 1;\n    else\n        return n * factorial(n - 1);\n}\n\nSystem.out.println(factorial(3));'),
(0x3a5c691fc19648708aaabd88a114113c, 0xe990eeba5d434251a2ced1c43c294048, 0, 0.40, 0x1a1bbffc6fef44e1bbb98dc0726c2018, 120, 120.00, 'Write a recursive function in Java to generate all permutations of a given array of integers.', 'public void generatePermutations(int[] arr, int start, List<List<Integer>> result) {\n    if (start == arr.length) {\n        List<Integer> permutation = new ArrayList<>();\n        for (int num : arr) {\n            permutation.add(num);\n        }\n        result.add(permutation);\n        return;\n    }\n    for (int i = start; i < arr.length; i++) {\n        swap(arr, start, i);\n        generatePermutations(arr, start + 1, result);\n        swap(arr, start, i);\n    }\n}\n\nprivate void swap(int[] arr, int i, int j) {\n    int temp = arr[i];\n    arr[i] = arr[j];\n    arr[j] = temp;\n}'),
(0x3abff3a3e60e4bfaaaa6eb910e3a0dfd, 0xe990eeba5d434251a2ced1c43c294048, 0, 0.20, 0x8ee7ae7d88b1405da29123f10e8cdcab, 60, 60.00, 'Consider the recursive function below. What will be the output when calling mystery(5)?\n\n```java\npublic int mystery(int n) {\n    if (n <= 0)\n        return 0;\n    else\n        return n + mystery(n - 2);\n}\n```', 'public int mystery(int n) {\n    if (n <= 0)\n        return 0;\n    else\n        return n + mystery(n - 2);\n}'),
(0x3e26798a4a664da8b5f1da74ea374bbd, 0xe990eeba5d434251a2ced1c43c294048, 0, 0.40, 0x8ee7ae7d88b1405da29123f10e8cdcab, 45, 45.00, 'What is the significance of the stack in recursive function execution?', NULL),
(0x3e3eddec7f0044549cd5c1e5705b3e72, 0xe990eeba5d434251a2ced1c43c294048, 0, 0.47, 0x8ee7ae7d88b1405da29123f10e8cdcab, 60, 60.00, 'Analyze the given Java code snippet. What is the base case for the recursive function?', 'public boolean isPalindrome(String s) {\n    if (s.length() <= 1)\n        return true;\n    else\n        return s.charAt(0) == s.charAt(s.length() - 1) && isPalindrome(s.substring(1, s.length() - 1));\n}'),
(0x3e654a82a2e04785ac4212c17ff937fc, 0xe990eeba5d434251a2ced1c43c294048, 1, 0.92, 0xc3122318a52b4221b00942a1aecbc657, 90, 90.00, 'Evaluate the given Java code snippet. What will be the output of the function call for input 3?', 'public int fibonacci(int n) {\n    if (n <= 1)\n        return n;\n    else\n        return fibonacci(n - 1) + fibonacci(n - 2);\n}\n\nSystem.out.println(fibonacci(3));'),
(0x4305b4e841b147669f9bb00ecbc803c4, 0xe990eeba5d434251a2ced1c43c294048, 1, 0.60, 0x1a1bbffc6fef44e1bbb98dc0726c2018, 90, 90.00, 'Write a recursive function in Java to check if a given string is a palindrome.', 'public boolean isPalindrome(String s) {\n    if (s.length() <= 1)\n        return true;\n    else\n        return s.charAt(0) == s.charAt(s.length() - 1) && isPalindrome(s.substring(1, s.length() - 1));\n}'),
(0x43c213aa0c734e15b8a728a5dadfc414, 0xe990eeba5d434251a2ced1c43c294048, 0, 0.15, 0x417786202cd94eb89655c67365551278, 70, 70.00, 'Implement a recursive function in Java to compute the nth Fibonacci number.', 'public class Fibonacci {\n    public int calculateFibonacci(int n) {\n        if (n <= 1)\n            return n;\n        else\n            return calculateFibonacci(n - 1) + calculateFibonacci(n - 2);\n    }\n}'),
(0x47fd5ed990cb457fbb893b0731e09198, 0xe990eeba5d434251a2ced1c43c294048, 1, 0.50, 0x8ee7ae7d88b1405da29123f10e8cdcab, 60, 60.00, 'Consider the following recursive function in Java:\n\n```\npublic int factorial(int n) {\n    if (n == 0)\n        return 1;\n    else\n        return n * factorial(n - 1);\n}\n```\n\nWhat is the base case of this function?', NULL),
(0x4a88d19b54cd42489eac2ead4c682f17, 0xe990eeba5d434251a2ced1c43c294048, 0, 0.15, 0x8ee7ae7d88b1405da29123f10e8cdcab, 60, 60.00, 'What will be the time complexity of the following recursive function in terms of Big O notation?\n\n```java\npublic int recursiveFunction(int n) {\n    if (n <= 1)\n        return n;\n    else\n        return recursiveFunction(n - 1) + recursiveFunction(n - 2);\n}\n```', NULL),
(0x4cb082c0d19c422789fa951f8c05868d, 0xe990eeba5d434251a2ced1c43c294048, 1, 0.94, 0xc3122318a52b4221b00942a1aecbc657, 90, 90.00, 'Evaluate the given Java code snippet. What will be the output of the function call for input 5?', 'public int factorial(int n) {\n    if (n <= 1)\n        return 1;\n    else\n        return n * factorial(n - 1);\n}\n\nSystem.out.println(factorial(5));'),
(0x4def9449dc7e45709f2b2821388c9fe9, 0xe990eeba5d434251a2ced1c43c294048, 1, 0.85, 0xc3122318a52b4221b00942a1aecbc657, 90, 90.00, 'Evaluate the given Java code snippet. What will be the output of the function call for input 5?', 'public int factorial(int n) {\n    if (n <= 1)\n        return 1;\n    else\n        return n * factorial(n - 1);\n}\n\nSystem.out.println(factorial(5));'),
(0x4f25b19ca2dc4908a46a161b1ffbc4c4, 0xe990eeba5d434251a2ced1c43c294048, 0, 0.30, 0x8c2b51fd6b3a4d7a8fc2b0a071055062, 50, 50.00, 'Which of the following statements best describes recursion?', NULL),
(0x4f2ed2b0468042c988abf8ca49a8a8a5, 0xe990eeba5d434251a2ced1c43c294048, 1, 0.85, 0x8ee7ae7d88b1405da29123f10e8cdcab, 90, 90.00, 'Analyze the given Java code snippet. What is the space complexity of the function?', 'public int fibonacci(int n) {\n    if (n <= 1)\n        return n;\n    else\n        return fibonacci(n - 1) + fibonacci(n - 2);\n}'),
(0x4f4903c02f3e4741923af4c67e32422c, 0xe990eeba5d434251a2ced1c43c294048, 0, 0.30, 0x9cd2d9f7b6b746b6948b66ebb6b71486, 50, 50.00, 'Which of the following is true about tail recursion?', NULL),
(0x5071190121cb41c0b05f47271add5b48, 0xe990eeba5d434251a2ced1c43c294048, 0, 0.25, 0x8ee7ae7d88b1405da29123f10e8cdcab, 60, 60.00, 'What will be the output of the following recursive function in Java when calling mystery(3)?\n\n```java\npublic int mystery(int n) {\n    if (n <= 0)\n        return 0;\n    else\n        return n * mystery(n - 3);\n}\n```', 'public int mystery(int n) {\n    if (n <= 0)\n        return 0;\n    else\n        return n * mystery(n - 3);\n}'),
(0x5072c82d65fd459c90c2c110285ee6b8, 0xe990eeba5d434251a2ced1c43c294048, 1, 0.88, 0xc3122318a52b4221b00942a1aecbc657, 90, 90.00, 'Evaluate the given Java code snippet. What will be the output of the function call for input 4?', 'public int fibonacci(int n) {\n    if (n <= 1)\n        return n;\n    else\n        return fibonacci(n - 1) + fibonacci(n - 2);\n}\n\nSystem.out.println(fibonacci(4));'),
(0x511c37dea50d40f880b4e6e7596f2d38, 0xe990eeba5d434251a2ced1c43c294048, 1, 0.86, 0xc3122318a52b4221b00942a1aecbc657, 90, 90.00, 'Evaluate the given Java code snippet. What will be the output of the function call for input 3?', 'public int gcd(int a, int b) {\n    if (b == 0)\n        return a;\n    else\n        return gcd(b, a % b);\n}\n\nSystem.out.println(gcd(12, 8));'),
(0x51dfd6acc98349cbab04bcb2e768d0a1, 0xe990eeba5d434251a2ced1c43c294048, 0, 0.40, 0x8c2b51fd6b3a4d7a8fc2b0a071055062, 60, 60.00, 'What is the risk of infinite recursion in a recursive function?', NULL),
(0x547cc192d4be4ba897a1922acf5f41d6, 0xe990eeba5d434251a2ced1c43c294048, 1, 0.87, 0x8ee7ae7d88b1405da29123f10e8cdcab, 90, 90.00, 'Analyze the provided Java code snippet. How many recursive calls are made by the function for an input of size n?', 'public int gcd(int a, int b) {\n    if (b == 0)\n        return a;\n    else\n        return gcd(b, a % b);\n}'),
(0x54a077f4f1764a7f8b4e2f3b0dd857ec, 0xe990eeba5d434251a2ced1c43c294048, 0, 0.20, 0x1a1bbffc6fef44e1bbb98dc0726c2018, 120, 120.00, 'Write a recursive function in Java to generate all permutations of a given string.', 'public void permute(String s, int left, int right) {\n    if (left == right)\n        System.out.println(s);\n    else {\n        for (int i = left; i <= right; i++) {\n            s = swap(s, left, i);\n            permute(s, left + 1, right);\n            s = swap(s, left, i);\n        }\n    }\n}\n\nprivate String swap(String s, int i, int j) {\n    char[] charArray = s.toCharArray();\n    char temp = charArray[i];\n    charArray[i] = charArray[j];\n    charArray[j] = temp;\n    return String.valueOf(charArray);\n}'),
(0x5b58d4905c1344c68e0e52bbe288fc5b, 0xe990eeba5d434251a2ced1c43c294048, 0, 0.35, 0x9cd2d9f7b6b746b6948b66ebb6b71486, 55, 55.00, 'How does recursion help in solving problems more elegantly?', NULL),
(0x5f5a17d32c0743aaa280267c513816a7, 0xe990eeba5d434251a2ced1c43c294048, 0, 0.40, 0x8ee7ae7d88b1405da29123f10e8cdcab, 45, 45.00, 'Which of the following statements best describes the concept of recursion?', NULL),
(0x6635c77935a04026af29d31ab156b9c4, 0xe990eeba5d434251a2ced1c43c294048, 0, 0.25, 0x9cd2d9f7b6b746b6948b66ebb6b71486, 45, 45.00, 'What is a potential downside of using recursion in programming?', NULL),
(0x67246234195543ccaf3379112bb31795, 0xe990eeba5d434251a2ced1c43c294048, 1, 0.57, 0x1a1bbffc6fef44e1bbb98dc0726c2018, 120, 120.00, 'Write a recursive function in Java to merge two sorted arrays.', 'public int[] mergeSortedArrays(int[] arr1, int[] arr2, int index1, int index2) {\n    if (index1 == arr1.length)\n        return arr2;\n    else if (index2 == arr2.length)\n        return arr1;\n    int[] merged = new int[arr1.length + arr2.length];\n    if (arr1[index1] < arr2[index2]) {\n        merged[index1 + index2] = arr1[index1];\n        return mergeSortedArrays(arr1, arr2, index1 + 1, index2);\n    }'),
(0x6d664363ed7e45e5a0636897b0e163cc, 0xe990eeba5d434251a2ced1c43c294048, 1, 0.95, 0x8ee7ae7d88b1405da29123f10e8cdcab, 90, 90.00, 'Analyze the following Java code snippet. What is the worst-case time complexity of the function?', 'public boolean isPalindrome(String s) {\n    if (s.length() <= 1)\n        return true;\n    else\n        return s.charAt(0) == s.charAt(s.length() - 1) && isPalindrome(s.substring(1, s.length() - 1));\n}'),
(0x6ee752733a1d4e79857e213b0b6fd703, 0xe990eeba5d434251a2ced1c43c294048, 0, 0.25, 0x1a1bbffc6fef44e1bbb98dc0726c2018, 90, 90.00, 'Implement a recursive function in Java to find the greatest common divisor (GCD) of two integers.', 'public int gcd(int a, int b) {\n    if (b == 0)\n        return a;\n    else\n        return gcd(b, a % b);\n}'),
(0x728a5deeb211462c949231af09011f72, 0xe990eeba5d434251a2ced1c43c294048, 1, 0.55, 0x1a1bbffc6fef44e1bbb98dc0726c2018, 150, 150.00, 'Implement a recursive function in Java to generate all valid parentheses combinations for a given n.', 'public void generateParentheses(int n, int open, int close, String current, List<String> result) {\n    if (current.length() == 2 * n) {\n        result.add(current);\n        return;\n    }\n    if (open < n)\n        generateParentheses(n, open + 1, close, current + \'(\', result);\n    if (close < open)\n        generateParentheses(n, open, close + 1, current + \')\', result);\n}'),
(0x746f0568505f4a8d926ed466c167b9b3, 0xe990eeba5d434251a2ced1c43c294048, 0, 0.15, 0x1a1bbffc6fef44e1bbb98dc0726c2018, 90, 90.00, 'Implement a recursive function in Java to compute the exponentiation of a number.', 'public int power(int base, int exponent) {\n    if (exponent == 0)\n        return 1;\n    else\n        return base * power(base, exponent - 1);\n}'),
(0x7a67706395e34e5794a4e48c3058af7e, 0xe990eeba5d434251a2ced1c43c294048, 0, 0.15, 0x8c2b51fd6b3a4d7a8fc2b0a071055062, 35, 35.00, 'Which of the following is essential for a recursive function to terminate?', NULL),
(0x81a9f671999f4aef9dcb404f088f7130, 0xe990eeba5d434251a2ced1c43c294048, 0, 0.40, 0x8c2b51fd6b3a4d7a8fc2b0a071055062, 40, 40.00, 'Which of the following is an example of a recursive function?', NULL),
(0x825531acb955492385b0d5efb47c2691, 0xe990eeba5d434251a2ced1c43c294048, 0, 0.20, 0x8ee7ae7d88b1405da29123f10e8cdcab, 60, 60.00, 'Consider the following recursive function in Java. What will be the value of x after calling mystery(5)?\n\n```java\nint mystery(int n) {\n    if (n == 0)\n        return 0;\n    else\n        return n + mystery(n - 1);\n}\n```', 'int mystery(int n) {\n    if (n == 0)\n        return 0;\n    else\n        return n + mystery(n - 1);\n}'),
(0x8747c41946404ccab00c3c9fdfc75f13, 0xe990eeba5d434251a2ced1c43c294048, 1, 0.86, 0x8ee7ae7d88b1405da29123f10e8cdcab, 90, 90.00, 'Analyze the provided Java code snippet. What is the space complexity of the function?', 'public int fibonacci(int n) {\n    if (n <= 1)\n        return n;\n    else\n        return fibonacci(n - 1) + fibonacci(n - 2);\n}'),
(0x879d5a4626fe4369976d3551815d85c6, 0xe990eeba5d434251a2ced1c43c294048, 0, 0.10, 0x417786202cd94eb89655c67365551278, 60, 60.00, 'Write a recursive Java function to calculate the power of a number.', 'public class Power {\n    public int calculatePower(int base, int exponent) {\n        if (exponent == 0)\n            return 1;\n        else\n            return base * calculatePower(base, exponent - 1);\n    }\n}'),
(0x8cd10fafd0014cd1ad71dd73388e13ee, 0xe990eeba5d434251a2ced1c43c294048, 0, 0.20, 0x8c2b51fd6b3a4d7a8fc2b0a071055062, 40, 40.00, 'What is recursion useful for in programming?', NULL),
(0x8f08cba1e4944aa085f430f346d278f8, 0xe990eeba5d434251a2ced1c43c294048, 0, 0.35, 0x8ee7ae7d88b1405da29123f10e8cdcab, 60, 60.00, 'Analyzing the given Java code snippet, what is the time complexity of the recursive function?', 'public int fibonacci(int n) {\n    if (n <= 1)\n        return n;\n    else\n        return fibonacci(n - 1) + fibonacci(n - 2);\n}'),
(0x996cadb6193c4c21b59f8670fac998a7, 0xe990eeba5d434251a2ced1c43c294048, 0, 0.35, 0x1a1bbffc6fef44e1bbb98dc0726c2018, 90, 90.00, 'Write a recursive function in Java to calculate the sum of all elements in an integer array.', 'public int arraySum(int[] arr, int index) {\n    if (index < 0)\n        return 0;\n    else\n        return arr[index] + arraySum(arr, index - 1);\n}'),
(0x9c0c211665b44037bac89af477845723, 0xe990eeba5d434251a2ced1c43c294048, 0, 0.40, 0x8c2b51fd6b3a4d7a8fc2b0a071055062, 40, 40.00, 'Which data structure is commonly used to implement recursion?', NULL),
(0x9c3e2f1cddf047a3a8609c86d07fa9a1, 0xe990eeba5d434251a2ced1c43c294048, 0, 0.25, 0x8ee7ae7d88b1405da29123f10e8cdcab, 60, 60.00, 'What will be the output of the following Java code?\n\n```java\npublic class Main {\n    public static void main(String[] args) {\n        System.out.println(mystery(\"hello\", 0));\n    }\n    \n    public static String mystery(String s, int index) {\n        if (index == s.length())\n            return \"\";\n        else\n            return mystery(s, index + 1) + s.charAt(index);\n    }\n}\n```', 'public class Main {\n    public static void main(String[] args) {\n        System.out.println(mystery(\"hello\", 0));\n    }\n    \n    public static String mystery(String s, int index) {\n        if (index == s.length())\n            return \"\";\n        else\n            return mystery(s, index + 1) + s.charAt(index);\n    }\n}'),
(0x9d97583e32fe44d48bcccd837ea4afd7, 0xe990eeba5d434251a2ced1c43c294048, 0, 0.40, 0x8ee7ae7d88b1405da29123f10e8cdcab, 45, 45.00, 'What happens if a recursive function does not have a base case?', NULL),
(0xa719da482b97463094299cf2209c8b62, 0xe990eeba5d434251a2ced1c43c294048, 0, 0.25, 0x417786202cd94eb89655c67365551278, 90, 90.00, 'Implement a recursive Java function to find the GCD (Greatest Common Divisor) of two integers.', 'public class GCD {\n    public int findGCD(int a, int b) {\n        if (b == 0)\n            return a;\n        else\n            return findGCD(b, a % b);\n    }\n}'),
(0xa89308fde83c48f1aa6b214c55c1cad0, 0xe990eeba5d434251a2ced1c43c294048, 0, 0.25, 0x8c2b51fd6b3a4d7a8fc2b0a071055062, 45, 45.00, 'What does the term \'tail recursion\' refer to?', NULL),
(0xa9026d798ad24e888e794db2be01f9eb, 0xe990eeba5d434251a2ced1c43c294048, 0, 0.20, 0xc3122318a52b4221b00942a1aecbc657, 60, 60.00, 'Consider the recursive function below. What will be the output when calling mystery(4)?\n\n```java\npublic int mystery(int n) {\n    if (n <= 0)\n        return 1;\n    else\n        return n * mystery(n - 1);\n}\n```', 'public int mystery(int n) {\n    if (n <= 0)\n        return 1;\n    else\n        return n * mystery(n - 1);\n}'),
(0xa9280676f6ff472bae9905f0fbf4ec94, 0xe990eeba5d434251a2ced1c43c294048, 1, 0.90, 0xc3122318a52b4221b00942a1aecbc657, 90, 90.00, 'Evaluate the given Java code snippet. What will be the output of the function call for input \"racecar\"?', 'public boolean isPalindrome(String s) {\n    if (s.length() <= 1)\n        return true;\n    else\n        return s.charAt(0) == s.charAt(s.length() - 1) && isPalindrome(s.substring(1, s.length() - 1));\n}\n\nSystem.out.println(isPalindrome(\"racecar\"));'),
(0xac56dccca6cd492b9688dc53d46832f7, 0xe990eeba5d434251a2ced1c43c294048, 1, 0.50, 0x8c2b51fd6b3a4d7a8fc2b0a071055062, 45, 45.00, 'Which of the following is true about recursive functions?', NULL),
(0xac8810224e764f5fbe58bf676f810a09, 0xe990eeba5d434251a2ced1c43c294048, 0, 0.25, 0x9cd2d9f7b6b746b6948b66ebb6b71486, 45, 45.00, 'What is the significance of the stack in recursive function calls?', NULL),
(0xad971f97ed1b4510b66b25c4c2234411, 0xe990eeba5d434251a2ced1c43c294048, 0, 0.25, 0xc3122318a52b4221b00942a1aecbc657, 60, 60.00, 'What will be the output of the following recursive function in Java when calling mystery(5)?\n\n```java\npublic int mystery(int n) {\n    if (n <= 0)\n        return 1;\n    else\n        return n * mystery(n - 2);\n}\n```', 'public int mystery(int n) {\n    if (n <= 0)\n        return 1;\n    else\n        return n * mystery(n - 2);\n}'),
(0xb018119cb1764fe2b452f916cf89231b, 0xe990eeba5d434251a2ced1c43c294048, 0, 0.40, 0x8c2b51fd6b3a4d7a8fc2b0a071055062, 40, 40.00, 'What is the typical drawback of using recursion?', NULL),
(0xb3d2a504651543db9bdc003f409b48c1, 0xe990eeba5d434251a2ced1c43c294048, 0, 0.42, 0x1a1bbffc6fef44e1bbb98dc0726c2018, 90, 90.00, 'Implement a recursive function in Java to find the greatest common divisor (GCD) of two integers.', 'public int gcd(int a, int b) {\n    if (b == 0)\n        return a;\n    else\n        return gcd(b, a % b);\n}'),
(0xb3fec63ef37545f4a6a9b5250f4cc040, 0xe990eeba5d434251a2ced1c43c294048, 1, 0.65, 0xc3122318a52b4221b00942a1aecbc657, 60, 60.00, 'Evaluate the given Java code snippet. What will be the output of the function call for input 5?', 'public int gcd(int a, int b) {\n    if (b == 0)\n        return a;\n    else\n        return gcd(b, a % b);\n}\n\nSystem.out.println(gcd(12, 8));'),
(0xb4643d811817456c82b83244027d89f0, 0xe990eeba5d434251a2ced1c43c294048, 1, 0.92, 0x8ee7ae7d88b1405da29123f10e8cdcab, 90, 90.00, 'Analyze the following Java code snippet. What is the time complexity of the recursive function?', 'public int fibonacci(int n) {\n    if (n <= 1)\n        return n;\n    else\n        return fibonacci(n - 1) + fibonacci(n - 2);\n}'),
(0xb4f1c077a9734b88af9fd60e03a499c0, 0xe990eeba5d434251a2ced1c43c294048, 0, 0.20, 0x9cd2d9f7b6b746b6948b66ebb6b71486, 40, 40.00, 'In a recursive function, what is the role of the call stack?', NULL),
(0xb5247041d964428a8fb267b90c81a2be, 0xe990eeba5d434251a2ced1c43c294048, 0, 0.10, 0x1a1bbffc6fef44e1bbb98dc0726c2018, 90, 90.00, 'Implement a recursive function in Java to calculate the nth Fibonacci number.', 'public int fibonacci(int n) {\n    if (n <= 1)\n        return n;\n    else\n        return fibonacci(n - 1) + fibonacci(n - 2);\n}'),
(0xb6ee6a9031bc483c8982c016d05e8cb7, 0xe990eeba5d434251a2ced1c43c294048, 0, 0.42, 0x8ee7ae7d88b1405da29123f10e8cdcab, 60, 60.00, 'Analyze the given Java code snippet. What will happen if the input value for the recursive function is negative?', 'public int factorial(int n) {\n    if (n <= 1)\n        return 1;\n    else\n        return n * factorial(n - 1);\n}'),
(0xb73a8b9553fa4feeb67985f14554fffc, 0xe990eeba5d434251a2ced1c43c294048, 0, 0.20, 0x417786202cd94eb89655c67365551278, 80, 80.00, 'Write a recursive Java method to find the nth term of the arithmetic sequence.', 'public class ArithmeticSequence {\n    public int calculateNthTerm(int firstTerm, int difference, int n) {\n        if (n == 1)\n            return firstTerm;\n        else\n            return calculateNthTerm(firstTerm + difference, difference, n - 1);\n    }\n}'),
(0xbc0abe916c18462b837ecf28fa046ce5, 0xe990eeba5d434251a2ced1c43c294048, 0, 0.10, 0x417786202cd94eb89655c67365551278, 60, 60.00, 'Write a recursive Java function to calculate the sum of digits of a positive integer.', 'public class DigitSum {\n    public int calculateDigitSum(int n) {\n        if (n < 10)\n            return n;\n        else\n            return n % 10 + calculateDigitSum(n / 10);\n    }\n}'),
(0xbfee08e56f2a4ddda85dcafe156898ef, 0xe990eeba5d434251a2ced1c43c294048, 1, 0.88, 0x8ee7ae7d88b1405da29123f10e8cdcab, 90, 90.00, 'Analyze the given Java code snippet. What is the time complexity of the recursive function?', 'public int factorial(int n) {\n    if (n <= 1)\n        return 1;\n    else\n        return n * factorial(n - 1);\n}'),
(0xcf516b1fc9bf4d37a5e60c4a012a4aa3, 0xe990eeba5d434251a2ced1c43c294048, 0, 0.15, 0x417786202cd94eb89655c67365551278, 70, 70.00, 'Implement a recursive Java method to check if a given number is prime.', 'public class PrimeChecker {\n    public boolean isPrime(int num, int divisor) {\n        if (divisor <= 1)\n            return true;\n        else if (num % divisor == 0)\n            return false;\n        else\n            return isPrime(num, divisor - 1);\n    }\n}'),
(0xd09fa6989e3948f8b0018191ecda847b, 0xe990eeba5d434251a2ced1c43c294048, 0, 0.10, 0x8ee7ae7d88b1405da29123f10e8cdcab, 60, 60.00, 'Consider the following recursive function in Java. What will be the output when calling mystery(4)?\n\n```java\npublic int mystery(int n) {\n    if (n <= 0)\n        return 1;\n    else\n        return n * mystery(n - 1);\n}\n```', 'public int mystery(int n) {\n    if (n <= 0)\n        return 1;\n    else\n        return n * mystery(n - 1);\n}'),
(0xd0d167c668744a6ea89940a26accd22f, 0xe990eeba5d434251a2ced1c43c294048, 1, 0.50, 0x8ee7ae7d88b1405da29123f10e8cdcab, 60, 60.00, 'In a recursive function, what is typically done in the recursive step?', NULL),
(0xd5470a9dcad148c4872a7f0089546a5e, 0xe990eeba5d434251a2ced1c43c294048, 1, 0.92, 0x8ee7ae7d88b1405da29123f10e8cdcab, 90, 90.00, 'Analyze the following Java code snippet. What is the time complexity of the recursive function?', 'public int factorial(int n) {\n    if (n <= 1)\n        return 1;\n    else\n        return n * factorial(n - 1);\n}'),
(0xd85f61888eeb4894b5eb10960fc84407, 0xe990eeba5d434251a2ced1c43c294048, 0, 0.15, 0x8ee7ae7d88b1405da29123f10e8cdcab, 60, 60.00, 'What is the time complexity of the following recursive function in terms of Big O notation?\n\n```java\npublic int recursiveFunc(int n) {\n    if (n <= 1)\n        return n;\n    else\n        return recursiveFunc(n - 1) + recursiveFunc(n - 2);\n}\n```', 'public int recursiveFunc(int n) {\n    if (n <= 1)\n        return n;\n    else\n        return recursiveFunc(n - 1) + recursiveFunc(n - 2);\n}'),
(0xd8bfc1e0f4b64568b2a698d898e34b78, 0xe990eeba5d434251a2ced1c43c294048, 0, 0.15, 0x9cd2d9f7b6b746b6948b66ebb6b71486, 35, 35.00, 'What is the primary purpose of a base case in a recursive function?', NULL),
(0xdab0e556ffe34063b3052b87910fc7a7, 0xe990eeba5d434251a2ced1c43c294048, 1, 0.55, 0x1a1bbffc6fef44e1bbb98dc0726c2018, 90, 90.00, 'Implement a recursive function in Java to find the greatest common divisor (GCD) of two integers.', 'public int gcd(int a, int b) {\n    if (b == 0)\n        return a;\n    else\n        return gcd(b, a % b);\n}'),
(0xdce7b411a20446c1b5b282650c85f558, 0xe990eeba5d434251a2ced1c43c294048, 0, 0.20, 0x417786202cd94eb89655c67365551278, 80, 80.00, 'Write a Java method that recursively calculates the sum of all elements in an integer array.', 'public class ArraySum {\n    public int calculateSum(int[] arr, int index) {\n        if (index < 0)\n            return 0;\n        else\n            return arr[index] + calculateSum(arr, index - 1);\n    }\n}'),
(0xdd3078b7d49d496b92877c7c58138fd0, 0xe990eeba5d434251a2ced1c43c294048, 1, 0.94, 0x8ee7ae7d88b1405da29123f10e8cdcab, 90, 90.00, 'Analyze the following Java code snippet. What is the space complexity of the recursive function?', 'public int factorial(int n) {\n    if (n <= 1)\n        return 1;\n    else\n        return n * factorial(n - 1);\n}'),
(0xde881f531a5b40de939a17d92957141e, 0xe990eeba5d434251a2ced1c43c294048, 1, 0.85, 0x8ee7ae7d88b1405da29123f10e8cdcab, 90, 90.00, 'Analyze the provided Java code snippet. What is the time complexity of the recursive function?', 'public int fibonacci(int n) {\n    if (n <= 1)\n        return n;\n    else\n        return fibonacci(n - 1) + fibonacci(n - 2);\n}'),
(0xe60c17fd98bb48068f8862b437bef6f1, 0xe990eeba5d434251a2ced1c43c294048, 1, 0.51, 0x8ee7ae7d88b1405da29123f10e8cdcab, 60, 60.00, 'Analyze the given Java code snippet. What is the purpose of the recursive function?', 'public int gcd(int a, int b) {\n    if (b == 0)\n        return a;\n    else\n        return gcd(b, a % b);\n}'),
(0xe6c48e9c262c4ff18e27c20de4e95290, 0xe990eeba5d434251a2ced1c43c294048, 1, 0.50, 0x1a1bbffc6fef44e1bbb98dc0726c2018, 120, 120.00, 'Write a recursive function in Java to generate all permutations of a given array of integers.', 'public void generatePermutations(int[] arr, int index) {\n    if (index == arr.length - 1) {\n        System.out.println(Arrays.toString(arr));\n        return;\n    }\n    for (int i = index; i < arr.length; i++) {\n        swap(arr, index, i);\n        generatePermutations(arr, index + 1);\n        swap(arr, index, i);\n    }\n}\n\nprivate void swap(int[] arr, int i, int j) {\n    int temp = arr[i];\n    arr[i] = arr[j];\n    arr[j] = temp;\n}'),
(0xe8aa49e9746b4e768c94b44901972222, 0xe990eeba5d434251a2ced1c43c294048, 1, 0.80, 0x8ee7ae7d88b1405da29123f10e8cdcab, 90, 90.00, 'Analyze the given Java code snippet. How many recursive calls are made by the function for an input of size n?', 'public int gcd(int a, int b) {\n    if (b == 0)\n        return a;\n    else\n        return gcd(b, a % b);\n}'),
(0xe97f86c5eceb48f9a2c7eb9344663b2e, 0xe990eeba5d434251a2ced1c43c294048, 0, 0.10, 0x1a1bbffc6fef44e1bbb98dc0726c2018, 90, 90.00, 'Write a recursive function in Java to check if a given string is a palindrome.', 'public boolean isPalindrome(String s) {\n    if (s.length() <= 1)\n        return true;\n    else\n        return s.charAt(0) == s.charAt(s.length() - 1) && isPalindrome(s.substring(1, s.length() - 1));\n}'),
(0xe9d53199fd1e41b392489c597254086e, 0xe990eeba5d434251a2ced1c43c294048, 1, 0.93, 0x8ee7ae7d88b1405da29123f10e8cdcab, 90, 90.00, 'Analyze the following Java code snippet. How many recursive calls are made by the function for an input of size n?', 'public int gcd(int a, int b) {\n    if (b == 0)\n        return a;\n    else\n        return gcd(b, a % b);\n}'),
(0xeaa083eb63664a9f840b02c26cedd5f4, 0xe990eeba5d434251a2ced1c43c294048, 0, 0.20, 0x9cd2d9f7b6b746b6948b66ebb6b71486, 40, 40.00, 'Which data structure is typically used to manage recursive function calls?', NULL),
(0xeb7910bfbe20458a8c6188da301d72af, 0xe990eeba5d434251a2ced1c43c294048, 1, 0.56, 0x8ee7ae7d88b1405da29123f10e8cdcab, 60, 60.00, 'Analyze the given Java code snippet. What is the purpose of the recursive function?', 'public void reverseArray(int[] arr, int start, int end) {\n    if (start >= end)\n        return;\n    int temp = arr[start];\n    arr[start] = arr[end];\n    arr[end] = temp;\n    reverseArray(arr, start + 1, end - 1);\n}'),
(0xebebb4961ad748c29c3fa5eeb62edd11, 0xe990eeba5d434251a2ced1c43c294048, 0, 0.40, 0x1a1bbffc6fef44e1bbb98dc0726c2018, 90, 90.00, 'Write a recursive function in Java to find the factorial of a given number.', 'public int factorial(int n) {\n    if (n == 0)\n        return 1;\n    else\n        return n * factorial(n - 1);\n}'),
(0xedbde11b4ed84cbe8c01f8376f946bf2, 0xe990eeba5d434251a2ced1c43c294048, 0, 0.40, 0x8ee7ae7d88b1405da29123f10e8cdcab, 45, 45.00, 'What is the purpose of a base case in a recursive function?', NULL),
(0xee7b0682f7004473a9b0d7a597363158, 0xe990eeba5d434251a2ced1c43c294048, 1, 0.70, 0xc3122318a52b4221b00942a1aecbc657, 60, 60.00, 'Evaluate the given Java code snippet. What will be the output of the function call for input \"racecar\"?', 'public boolean isPalindrome(String s) {\n    if (s.length() <= 1)\n        return true;\n    else\n        return s.charAt(0) == s.charAt(s.length() - 1) && isPalindrome(s.substring(1, s.length() - 1));\n}\n\nSystem.out.println(isPalindrome(\"racecar\"));'),
(0xef8fecd8fcac42c99b664f8504db4b3c, 0xe990eeba5d434251a2ced1c43c294048, 0, 0.30, 0x1a1bbffc6fef44e1bbb98dc0726c2018, 120, 120.00, 'Write a recursive function in Java to generate all possible subsets of a given set.', 'public void generateSubsets(int[] nums, int index, List<Integer> subset, List<List<Integer>> result) {\n    result.add(new ArrayList<>(subset));\n    for (int i = index; i < nums.length; i++) {\n        subset.add(nums[i]);\n        generateSubsets(nums, i + 1, subset, result);\n        subset.remove(subset.size() - 1);\n    }\n}'),
(0xf1a7f60cb2f84861914d08471f5373e6, 0xe990eeba5d434251a2ced1c43c294048, 1, 0.78, 0x8ee7ae7d88b1405da29123f10e8cdcab, 90, 90.00, 'Analyze the given Java code snippet. What is the space complexity of the recursive function?', 'public int factorial(int n) {\n    if (n <= 1)\n        return 1;\n    else\n        return n * factorial(n - 1);\n}'),
(0xf1c278ad1fe24f138aae7b67991ba5f9, 0xe990eeba5d434251a2ced1c43c294048, 0, 0.25, 0x417786202cd94eb89655c67365551278, 90, 90.00, 'Implement a recursive function in Java to reverse a string.', 'public class StringReverse {\n    public String reverseString(String str) {\n        if (str.isEmpty())\n            return str;\n        else\n            return reverseString(str.substring(1)) + str.charAt(0);\n    }\n}'),
(0xf2fd67702fde438f9501dfcd50b8908f, 0xe990eeba5d434251a2ced1c43c294048, 0, 0.40, 0x9cd2d9f7b6b746b6948b66ebb6b71486, 60, 60.00, 'What is the potential consequence of a recursive function lacking a base case?', NULL),
(0xf3232770df1146f8807ae9321695c78f, 0xe990eeba5d434251a2ced1c43c294048, 0, 0.48, 0x1a1bbffc6fef44e1bbb98dc0726c2018, 90, 90.00, 'Write a recursive function in Java to check if a given string is a palindrome.', 'public boolean isPalindrome(String s) {\n    if (s.length() <= 1)\n        return true;\n    else\n        return s.charAt(0) == s.charAt(s.length() - 1) && isPalindrome(s.substring(1, s.length() - 1));\n}'),
(0xf3a72171a4dd4b74826e629b65de3e96, 0xe990eeba5d434251a2ced1c43c294048, 0, 0.30, 0x9cd2d9f7b6b746b6948b66ebb6b71486, 50, 50.00, 'Why is it essential to have a base case in a recursive function?', NULL),
(0xf5fefc5282cc4e789a173aaa5c7176a1, 0xe990eeba5d434251a2ced1c43c294048, 1, 0.82, 0x8ee7ae7d88b1405da29123f10e8cdcab, 90, 90.00, 'Analyze the given Java code snippet. What is the worst-case time complexity of the function?', 'public boolean isPalindrome(String s) {\n    if (s.length() <= 1)\n        return true;\n    else\n        return s.charAt(0) == s.charAt(s.length() - 1) && isPalindrome(s.substring(1, s.length() - 1));\n}'),
(0xf6a23487296a4c48a1076c3e58a97811, 0xe990eeba5d434251a2ced1c43c294048, 1, 0.53, 0x1a1bbffc6fef44e1bbb98dc0726c2018, 120, 120.00, 'Implement a recursive function in Java to find the length of the longest increasing subsequence in an array of integers.', 'public int longestIncreasingSubsequence(int[] arr, int index, int prev) {\n    if (index == arr.length)\n        return 0;\n    int include = 0;\n    if (arr[index] > prev)\n        include = 1 + longestIncreasingSubsequence(arr, index + 1, arr[index]);'),
(0xfd853a43dbc44cea8499a3347349f29c, 0xe990eeba5d434251a2ced1c43c294048, 0, 0.30, 0x8c2b51fd6b3a4d7a8fc2b0a071055062, 35, 35.00, 'What is the main advantage of using recursion?', NULL),
(0xfeaabafa9c7f4525a24594d1e7651415, 0xe990eeba5d434251a2ced1c43c294048, 1, 0.50, 0x1a1bbffc6fef44e1bbb98dc0726c2018, 150, 150.00, 'Write a recursive function in Java to generate all possible subsets of a given set.', 'public void generateSubsets(int[] nums, int index, List<Integer> subset, List<List<Integer>> result) {\n    if (index == nums.length) {\n        result.add(new ArrayList<>(subset));\n        return;\n    }\n    subset.add(nums[index]);\n    generateSubsets(nums, index + 1, subset, result);\n    subset.remove(subset.size() - 1);\n    generateSubsets(nums, index + 1, subset, result);\n}'),
(0xfeb7c1f3f37e470b83c59e0bd4204e94, 0xe990eeba5d434251a2ced1c43c294048, 0, 0.15, 0x9cd2d9f7b6b746b6948b66ebb6b71486, 35, 35.00, 'What is the concept of \'divide and conquer\' related to recursion?', NULL);

-- --------------------------------------------------------

--
-- Table structure for table `questionTopic`
--

CREATE TABLE `questionTopic` (
  `topicID` binary(16) NOT NULL,
  `name` varchar(255) NOT NULL,
  `image` blob
) ENGINE=InnoDB DEFAULT CHARSET=utf8mb4 COLLATE=utf8mb4_0900_ai_ci;

--
-- Dumping data for table `questionTopic`
--

INSERT INTO `questionTopic` (`topicID`, `name`, `image`) VALUES
(0xe990eeba5d434251a2ced1c43c294048, 'Recursion', NULL);

-- --------------------------------------------------------

--
-- Table structure for table `statistic`
--

CREATE TABLE `statistic` (
  `statID` binary(16) NOT NULL,
  `studentID` binary(16) NOT NULL,
  `questionID` binary(16) NOT NULL,
  `chosenAnswerID` binary(16) NOT NULL,
  `isCorrect` tinyint(1) NOT NULL,
  `timeToAnswer` decimal(10,3) NOT NULL,
  `createdAt` datetime NOT NULL DEFAULT CURRENT_TIMESTAMP
) ENGINE=InnoDB DEFAULT CHARSET=utf8mb4 COLLATE=utf8mb4_0900_ai_ci;

-- --------------------------------------------------------

--
-- Table structure for table `student`
--

CREATE TABLE `student` (
  `studentID` binary(16) NOT NULL,
  `name` varchar(255) NOT NULL,
  `username` varchar(255) NOT NULL,
  `password` varchar(255) NOT NULL,
  `completedBonusContent` tinyint(1) NOT NULL DEFAULT '0'
) ENGINE=InnoDB DEFAULT CHARSET=utf8mb4 COLLATE=utf8mb4_0900_ai_ci;

--
-- Dumping data for table `student`
--

INSERT INTO `student` (`studentID`, `name`, `username`, `password`, `completedBonusContent`) VALUES
(0xc27c0900d5d24b3eb8a2199a57761628, 'Satanshu Mishra', 'SatanshuMishra', '7ea08257a5b3a69c9fbe6fec7a97d84abef615c6e5b1837becbd10c97ccb5944', 0);

-- --------------------------------------------------------

--
-- Table structure for table `studentCode`
--

CREATE TABLE `studentCode` (
  `code` varchar(255) NOT NULL,
  `isRegistered` tinyint(1) NOT NULL DEFAULT '0'
) ENGINE=InnoDB DEFAULT CHARSET=utf8mb4 COLLATE=utf8mb4_0900_ai_ci;

--
-- Dumping data for table `studentCode`
--

INSERT INTO `studentCode` (`code`, `isRegistered`) VALUES
('/cVDJG', 0),
('/McI0u', 0),
('/SXWRd', 0),
('+5/WtD', 0),
('+8BPSu', 0),
('+DZFkB', 0),
('+Jy3qP', 0),
('+UjNRB', 0),
('05CMd+', 0),
('0kK9U9', 0),
('0KTclX', 0),
('0t0PDV', 0),
('0WNg1Q', 0),
('11H/Nx', 0),
('16ZY2i', 0),
('1H3EJa', 0),
('1IZI9b', 0),
('1QOoZE', 0),
('22edE3', 0),
('22M9On', 0),
('2BlJuD', 0),
('2HYmhg', 0),
('2ldyG2', 0),
('2mDVh+', 0),
('2nG2a1', 0),
('31EZPF', 0),
('39luxq', 0),
('3dJBYZ', 0),
('3DwkEm', 0),
('3x94nn', 0),
('3zaY3L', 0),
('43tNyE', 0),
('4IyXXD', 0),
('4MiF9Z', 0),
('4ZWFq4', 0),
('5cjv71', 0),
('5ohasa', 0),
('5OpCZZ', 0),
('5p3I5s', 0),
('5rHzWI', 0),
('5t0fdS', 0),
('5VVOH1', 0),
('6GyVqk', 0),
('6T2pz9', 0),
('6VW8G3', 0),
('6X/a6U', 0),
('6Z3O4r', 0),
('7+X16j', 0),
('72+n7L', 0),
('73ADXu', 0),
('7b00zq', 0),
('7WXYqG', 0),
('8fT/9Z', 0),
('8jru1Q', 0),
('8ReAZB', 0),
('8XEOjP', 0),
('92lLPP', 0),
('94xhN3', 0),
('95sQCr', 0),
('9Bo/MA', 0),
('9DZEqv', 0),
('9GCPqk', 0),
('9Naq15', 0),
('9RgOOs', 0),
('9ZPV7u', 0),
('A0OeK4', 0),
('afVxsD', 0),
('aljSNy', 0),
('AloJpV', 0),
('aMqYr8', 0),
('amWkZy', 0),
('An3r4A', 0),
('Ana', 0),
('ApSaQL', 0),
('apWDck', 0),
('aqv2NX', 0),
('auPKM6', 0),
('av9vBO', 0),
('az6/Jt', 0),
('B+OHFH', 0),
('B3SGGy', 0),
('bAGPRg', 0),
('Bpw2ec', 0),
('bqpTy1', 0),
('buvhUb', 0),
('buxR/f', 0),
('bwYt4M', 0),
('Bxy2C/', 0),
('cBsxac', 0),
('cbxzK7', 0),
('cd84sH', 0),
('CgLnOW', 0),
('Cpo1ns', 0),
('cSp3TU', 0),
('CSsHYM', 0),
('cUGnTw', 0),
('CxlDuJ', 0),
('d/c8Ew', 0),
('d2JXLG', 0),
('Dc2gbv', 0),
('DCkg2u', 0),
('DDsDmV', 0),
('dKd8z9', 0),
('dNWbqU', 0),
('drcmWn', 0),
('dRIRGc', 0),
('E6HK3b', 0),
('eeElZS', 0),
('EkDgQT', 0),
('eLeLEP', 0),
('fDxClL', 0),
('FH/qHZ', 0),
('fHVpTR', 0),
('fKe029', 0),
('fQ5HIS', 0),
('fTwKQj', 0),
('Fy718P', 0),
('FYQepa', 0),
('fzTYf/', 0),
('g0khbi', 0),
('g9A73P', 0),
('gA0Yzq', 0),
('GCLqCR', 0),
('gcPG8B', 0),
('gcY++K', 0),
('gFOxcW', 0),
('Gi32x8', 0),
('GMR57e', 0),
('gpSE46', 0),
('H+lnu8', 0),
('H+z3WQ', 0),
('H5jWj1', 0),
('HBSJY/', 0),
('Hc9HBO', 0),
('hfM6YB', 0),
('Hk/1CP', 0),
('Hk9ds5', 0),
('HKUeRG', 0),
('hlljsl', 0),
('HLno+A', 0),
('HrMOHT', 0),
('hTTmkF', 0),
('hw1F91', 0),
('hwzZRV', 0),
('Hz35/F', 0),
('I0a9ki', 0),
('I2Cj2A', 0),
('i3c2Hi', 0),
('iD62aI', 0),
('iQ3ox7', 0),
('iqCquL', 0),
('iS242V', 0),
('ISHr1H', 0),
('Iu9Idg', 0),
('ivgd6n', 0),
('j/8lwR', 0),
('j/8zTD', 0),
('j+lkFZ', 0),
('J1mso8', 0),
('JCFMZt', 0),
('JGKyq5', 0),
('JI6IM5', 0),
('ji7ulP', 0),
('jk/YmG', 0),
('jljsN5', 0),
('JOGRWq', 0),
('JpOgQU', 0),
('jPxA09', 0),
('jqxOuI', 0),
('jRd/5g', 0),
('Jws5tf', 0),
('K1WLV1', 0),
('k7wdHZ', 0),
('k9Qozb', 0),
('KbrOqJ', 0),
('Kc7LqY', 0),
('kc8dKl', 0),
('kDHAzR', 0),
('kh0np2', 0),
('kRPmzq', 0),
('KzY8HN', 0),
('L+A4Vj', 0),
('L0E0CU', 0),
('l0ieid', 0),
('l2E5Fz', 0),
('l6FdT8', 0),
('lB4jLL', 0),
('LCLXyQ', 0),
('lj3NnI', 0),
('LkEUwj', 0),
('lLIcnu', 0),
('lMcPTC', 0),
('lmP5v8', 0),
('LUVBNs', 0),
('lxs3sy', 0),
('LyOvyo', 0),
('m/E1e9', 0),
('M1gc2+', 0),
('M1vHnI', 0),
('m29VpJ', 0),
('M3ZdY0', 0),
('M4Uaeu', 0),
('m70sOE', 0),
('m8Od+t', 0),
('M8zc3z', 0),
('mclOn4', 0),
('MNYrTM', 0),
('MQqe4u', 0),
('mS+vVi', 0),
('Myg4+q', 0),
('mywRgA', 0),
('N0sRbT', 0),
('n3Rnya', 0),
('n6Dg3D', 0),
('NaeOQ+', 0),
('nakzbz', 0),
('NB+LeI', 0),
('niInbj', 0),
('NiP9Td', 0),
('nJUWnG', 0),
('nMK2s0', 0),
('nnH8lU', 0),
('NpkWrb', 0),
('nWFLLH', 0),
('NY7hje', 0),
('o1RicA', 0),
('oINKGH', 0),
('oIoHBo', 0),
('OQKyjk', 0),
('p5NEZq', 0),
('pa5QvM', 0),
('pBqSH7', 0),
('PGw/UM', 0),
('PH1CMh', 0),
('PhL78z', 0),
('PkGD4X', 0),
('Pmxcod', 0),
('powrdI', 0),
('pqVEYr', 0),
('QB5a5B', 0),
('qEu3qV', 0),
('qs8n5e', 0),
('QSBXyZ', 0),
('QSjklG', 0),
('qWmkl+', 0),
('r1envi', 0),
('Rg6C+S', 0),
('RhAeEM', 0),
('rkRyLk', 0),
('RktG2w', 0),
('RpGa/U', 0),
('RrHJ+s', 0),
('rVECzX', 0),
('rXuPqD', 0),
('rYnO7M', 0),
('s+8R35', 0),
('S6hB+E', 0),
('SatanshuMishra', 0),
('sEwy9y', 0),
('Shaheer', 0),
('SHnpYK', 0),
('sMH3G3', 0),
('SOfRGB', 0),
('sRNvQf', 0),
('sXGd3m', 0),
('sY4SX3', 0),
('tHKm8b', 0),
('thQZo1', 0),
('tjuzqn', 0),
('tKA8m0', 0),
('TOOpT0', 0),
('trBcsV', 0),
('Trevor', 0),
('tSAeFY', 0),
('txBqdJ', 0),
('tzH3yS', 0),
('u+hRTG', 0),
('U3I1k0', 0),
('u8JLwN', 0),
('uBNtxn', 0),
('UN7UQa', 0),
('UR2l0u', 0),
('UtrDqQ', 0),
('UUATKl', 0),
('uzr8Qu', 0),
('uZrIsA', 0),
('v4HvV/', 0),
('v9NH0z', 0),
('VaCZmk', 0),
('VCMgsk', 0),
('ViUVf4', 0),
('VjrIg0', 0),
('vK5R9L', 0),
('vo1teI', 0),
('vpfibc', 0),
('VPGsCu', 0),
('VrMjjV', 0),
('vYol8v', 0),
('w1lQhu', 0),
('w8BjFh', 0),
('wdrTSo', 0),
('Wohx6b', 0),
('wT4AWC', 0),
('WXUdCu', 0),
('wYANYu', 0),
('x4cAaG', 0),
('XbVAQy', 0),
('xEvd2C', 0),
('XfpVke', 0),
('xL1Axx', 0),
('XllsYQ', 0),
('Xp/3QL', 0),
('xrJCoz', 0),
('XrLQGH', 0),
('xWFlmB', 0),
('xyrq/m', 0),
('XyT8V3', 0),
('Y1iima', 0),
('Y7AJs5', 0),
('yhCpst', 0),
('yHGeqm', 0),
('YinWc0', 0),
('yLY20b', 0),
('YmSGSc', 0),
('yo58Fj', 0),
('yq+rT0', 0),
('YRjVVl', 0),
('YRmzpH', 0),
('YsN/Kt', 0),
('YudHJV', 0),
('Yvqx6v', 0),
('Z57qqd', 0),
('Z6eK8e', 0),
('ZcMdab', 0),
('zekF5v', 0),
('zhfOCm', 0),
('zl8YLI', 0),
('zNoMKO', 0),
('ZoNpHW', 0),
('zsr9gw', 0),
('zXN25r', 0),
('zykAEu', 0);

-- --------------------------------------------------------

--
-- Table structure for table `studentKnowledge`
--

CREATE TABLE `studentKnowledge` (
  `knowledgeID` binary(16) NOT NULL,
  `studentID` binary(16) NOT NULL,
  `topicID` binary(16) NOT NULL,
  `categoryID` binary(16) NOT NULL,
  `mastery` decimal(5,2) NOT NULL DEFAULT '0.50',
  `difficultyOffset` decimal(5,2) NOT NULL DEFAULT '0.00'
) ENGINE=InnoDB DEFAULT CHARSET=utf8mb4 COLLATE=utf8mb4_0900_ai_ci;

--
-- Dumping data for table `studentKnowledge`
--

INSERT INTO `studentKnowledge` (`knowledgeID`, `studentID`, `topicID`, `categoryID`, `mastery`, `difficultyOffset`) VALUES
(0x35b7fbbcf2cf4d3e87619966cc305c0f, 0xc27c0900d5d24b3eb8a2199a57761628, 0xe990eeba5d434251a2ced1c43c294048, 0x8c2b51fd6b3a4d7a8fc2b0a071055062, 0.50, 0.00),
(0x57a44c15b3ca4d47b21a723649355535, 0xc27c0900d5d24b3eb8a2199a57761628, 0xe990eeba5d434251a2ced1c43c294048, 0x8ee7ae7d88b1405da29123f10e8cdcab, 0.50, 0.00),
(0x5a1c9d53657b426e998057f27f64129f, 0xc27c0900d5d24b3eb8a2199a57761628, 0xe990eeba5d434251a2ced1c43c294048, 0x417786202cd94eb89655c67365551278, 0.50, 0.00),
(0x739e145532e0415db6ebff22b1455e19, 0xc27c0900d5d24b3eb8a2199a57761628, 0xe990eeba5d434251a2ced1c43c294048, 0xc3122318a52b4221b00942a1aecbc657, 0.50, 0.00),
(0x8fa200e8f2cf4395978b01da7e864ceb, 0xc27c0900d5d24b3eb8a2199a57761628, 0xe990eeba5d434251a2ced1c43c294048, 0x9cd2d9f7b6b746b6948b66ebb6b71486, 0.50, 0.00),
(0xfda31eb75d8043b3a883755d6c97cbb6, 0xc27c0900d5d24b3eb8a2199a57761628, 0xe990eeba5d434251a2ced1c43c294048, 0x1a1bbffc6fef44e1bbb98dc0726c2018, 0.50, 0.00);

-- --------------------------------------------------------

--
-- Table structure for table `taxonomyCategory`
--

CREATE TABLE `taxonomyCategory` (
  `categoryID` binary(16) NOT NULL,
  `name` varchar(255) NOT NULL
) ENGINE=InnoDB DEFAULT CHARSET=utf8mb4 COLLATE=utf8mb4_0900_ai_ci;

--
-- Dumping data for table `taxonomyCategory`
--

INSERT INTO `taxonomyCategory` (`categoryID`, `name`) VALUES
(0x8ee7ae7d88b1405da29123f10e8cdcab, 'Analyzing'),
(0x417786202cd94eb89655c67365551278, 'Applying'),
(0x1a1bbffc6fef44e1bbb98dc0726c2018, 'Creating'),
(0xc3122318a52b4221b00942a1aecbc657, 'Evaluating'),
(0x8c2b51fd6b3a4d7a8fc2b0a071055062, 'Remembering'),
(0x9cd2d9f7b6b746b6948b66ebb6b71486, 'Understanding');

--
-- Indexes for dumped tables
--

--
-- Indexes for table `answer`
--
ALTER TABLE `answer`
  ADD PRIMARY KEY (`answerID`),
  ADD KEY `questionID` (`questionID`);

--
-- Indexes for table `question`
--
ALTER TABLE `question`
  ADD PRIMARY KEY (`questionID`),
  ADD KEY `topicID` (`topicID`),
  ADD KEY `categoryID` (`categoryID`);

--
-- Indexes for table `questionTopic`
--
ALTER TABLE `questionTopic`
  ADD PRIMARY KEY (`topicID`),
  ADD UNIQUE KEY `name` (`name`);

--
-- Indexes for table `statistic`
--
ALTER TABLE `statistic`
  ADD PRIMARY KEY (`statID`),
  ADD KEY `studentID` (`studentID`),
  ADD KEY `questionID` (`questionID`),
  ADD KEY `chosenAnswerID` (`chosenAnswerID`);

--
-- Indexes for table `student`
--
ALTER TABLE `student`
  ADD PRIMARY KEY (`studentID`),
  ADD UNIQUE KEY `username` (`username`);

--
-- Indexes for table `studentCode`
--
ALTER TABLE `studentCode`
  ADD PRIMARY KEY (`code`);

--
-- Indexes for table `studentKnowledge`
--
ALTER TABLE `studentKnowledge`
  ADD PRIMARY KEY (`knowledgeID`),
  ADD KEY `studentID` (`studentID`),
  ADD KEY `topicID` (`topicID`),
  ADD KEY `categoryID` (`categoryID`);

--
-- Indexes for table `taxonomyCategory`
--
ALTER TABLE `taxonomyCategory`
  ADD PRIMARY KEY (`categoryID`),
  ADD UNIQUE KEY `name` (`name`);

--
-- Constraints for dumped tables
--

--
-- Constraints for table `answer`
--
ALTER TABLE `answer`
  ADD CONSTRAINT `answer_ibfk_1` FOREIGN KEY (`questionID`) REFERENCES `question` (`questionID`);

--
-- Constraints for table `question`
--
ALTER TABLE `question`
  ADD CONSTRAINT `question_ibfk_1` FOREIGN KEY (`topicID`) REFERENCES `questionTopic` (`topicID`),
  ADD CONSTRAINT `question_ibfk_2` FOREIGN KEY (`categoryID`) REFERENCES `taxonomyCategory` (`categoryID`);

--
-- Constraints for table `statistic`
--
ALTER TABLE `statistic`
  ADD CONSTRAINT `statistic_ibfk_1` FOREIGN KEY (`studentID`) REFERENCES `student` (`studentID`),
  ADD CONSTRAINT `statistic_ibfk_2` FOREIGN KEY (`questionID`) REFERENCES `question` (`questionID`),
  ADD CONSTRAINT `statistic_ibfk_3` FOREIGN KEY (`chosenAnswerID`) REFERENCES `answer` (`answerID`);

--
-- Constraints for table `student`
--
ALTER TABLE `student`
  ADD CONSTRAINT `student_ibfk_1` FOREIGN KEY (`username`) REFERENCES `studentCode` (`code`);

--
-- Constraints for table `studentKnowledge`
--
ALTER TABLE `studentKnowledge`
  ADD CONSTRAINT `studentKnowledge_ibfk_1` FOREIGN KEY (`studentID`) REFERENCES `student` (`studentID`),
  ADD CONSTRAINT `studentKnowledge_ibfk_2` FOREIGN KEY (`topicID`) REFERENCES `questionTopic` (`topicID`),
  ADD CONSTRAINT `studentKnowledge_ibfk_3` FOREIGN KEY (`categoryID`) REFERENCES `taxonomyCategory` (`categoryID`);
COMMIT;

/*!40101 SET CHARACTER_SET_CLIENT=@OLD_CHARACTER_SET_CLIENT */;
/*!40101 SET CHARACTER_SET_RESULTS=@OLD_CHARACTER_SET_RESULTS */;
/*!40101 SET COLLATION_CONNECTION=@OLD_COLLATION_CONNECTION */;
